Applid,Date,ResTime,ColTime,DB2EntryName,AccountRec,ThreadWait,ThreadPrty,CallCount,TwoPCommitCount,AbortCount,OnePCommitCount,ThreadCreate,ThreadReuse,ThreadTerms,ThreadLimit,ThreadHWM,PthreadLimit,PthreadHWM,Readyq,Reuselm,CommitRatio%,ThreadRatio%,PthreadRatio%
AP15POA1,01/11/2016,06:00:00,08:00:00,BPA0ENRY,UOW,POOL,HIGH,1136,0,0,140,115,25,115,50,1,10,1,0,0,100.0,2.0,10.0
AP15POA1,01/11/2016,08:00:00,10:00:00,BPA0ENRY,UOW,POOL,HIGH,150239,2,20,2311,70,2263,69,50,2,10,2,0,0,99.14,4.0,20.0
AP15POA1,01/11/2016,10:00:00,12:00:00,BPA0ENRY,UOW,POOL,HIGH,247653,6,56,5393,58,5398,58,50,2,10,2,0,1,98.97,4.0,20.0
AP15POA1,01/11/2016,12:00:00,14:00:00,BPA0ENRY,UOW,POOL,HIGH,141262,2,24,3651,48,3629,49,50,3,10,3,0,0,99.35,6.0,30.0
AP15POA1,01/11/2016,14:00:00,16:00:00,BPA0ENRY,UOW,POOL,HIGH,311937,2,39,4796,56,4781,56,50,3,10,3,0,0,99.19,6.0,30.0
AP15POA1,01/11/2016,16:00:00,18:00:00,BPA0ENRY,UOW,POOL,HIGH,207861,1,42,4374,50,4367,50,50,2,10,2,0,0,99.05,4.0,20.0
AP15POA1,01/11/2016,18:00:00,20:00:00,BPA0ENRY,UOW,POOL,HIGH,154854,2,10,1085,62,1035,62,50,2,10,2,0,0,99.09,4.0,20.0
AP15POA1,01/11/2016,20:00:00,22:00:00,BPA0ENRY,UOW,POOL,HIGH,84901,2,0,319,92,229,92,50,2,10,2,0,0,100.0,4.0,20.0
AP15POA3,01/11/2016,06:00:00,08:00:00,BPA0ENRY,UOW,POOL,HIGH,2360,0,2,144,113,33,112,50,1,10,1,0,0,98.63,2.0,10.0
AP15POA3,01/11/2016,08:00:00,10:00:00,BPA0ENRY,UOW,POOL,HIGH,107814,0,25,2344,66,2303,66,50,2,10,2,0,0,98.94,4.0,20.0
AP15POA3,01/11/2016,10:00:00,12:00:00,BPA0ENRY,UOW,POOL,HIGH,175319,7,40,5169,58,5159,57,50,2,10,2,0,1,99.23,4.0,20.0
AP15POA3,01/11/2016,12:00:00,14:00:00,BPA0ENRY,UOW,POOL,HIGH,226397,0,24,3698,54,3668,54,50,2,10,2,0,0,99.36,4.0,20.0
AP15POA3,01/11/2016,14:00:00,16:00:00,BPA0ENRY,UOW,POOL,HIGH,160201,0,21,4453,51,4423,52,50,3,10,3,0,0,99.53,6.0,30.0
AP15POA3,01/11/2016,16:00:00,18:00:00,BPA0ENRY,UOW,POOL,HIGH,211896,5,37,4255,46,4252,46,50,2,10,2,0,1,99.14,4.0,20.0
AP15POA3,01/11/2016,18:00:00,20:00:00,BPA0ENRY,UOW,POOL,HIGH,55827,2,9,1102,52,1061,52,50,2,10,2,0,0,99.19,4.0,20.0
AP15POA3,01/11/2016,20:00:00,22:00:00,BPA0ENRY,UOW,POOL,HIGH,25116,0,2,280,99,183,99,50,2,10,2,0,0,99.29,4.0,20.0
AP16POA2,01/11/2016,06:00:00,08:00:00,BPA0ENRY,UOW,POOL,HIGH,2493,0,1,148,120,29,120,50,1,10,1,0,0,99.33,2.0,10.0
AP16POA2,01/11/2016,08:00:00,10:00:00,BPA0ENRY,UOW,POOL,HIGH,2086194,2,16,2330,66,2282,65,50,3,10,3,0,0,99.32,6.0,30.0
AP16POA2,01/11/2016,10:00:00,12:00:00,BPA0ENRY,UOW,POOL,HIGH,254042,1,55,5293,58,5291,59,50,3,10,3,0,0,98.97,6.0,30.0
AP16POA2,01/11/2016,12:00:00,14:00:00,BPA0ENRY,UOW,POOL,HIGH,149027,2,41,3874,51,3867,50,50,2,10,2,0,0,98.95,4.0,20.0
AP16POA2,01/11/2016,14:00:00,16:00:00,BPA0ENRY,UOW,POOL,HIGH,211156,1,38,4619,52,4605,53,50,3,10,3,0,0,99.18,6.0,30.0
AP16POA2,01/11/2016,16:00:00,18:00:00,BPA0ENRY,UOW,POOL,HIGH,207005,0,31,4328,44,4315,44,50,2,10,2,0,0,99.29,4.0,20.0
AP16POA2,01/11/2016,18:00:00,20:00:00,BPA0ENRY,UOW,POOL,HIGH,122143,1,13,1080,56,1038,56,50,2,10,2,0,0,98.81,4.0,20.0
AP16POA2,01/11/2016,20:00:00,22:00:00,BPA0ENRY,UOW,POOL,HIGH,42956,0,0,300,91,209,92,50,2,10,2,0,0,100.0,4.0,20.0
AP16POA4,01/11/2016,06:00:00,08:00:00,BPA0ENRY,UOW,POOL,HIGH,860,0,1,136,119,18,119,50,1,10,1,0,0,99.27,2.0,10.0
AP16POA4,01/11/2016,08:00:00,10:00:00,BPA0ENRY,UOW,POOL,HIGH,219914,2,20,2283,63,2242,62,50,2,10,2,0,0,99.13,4.0,20.0
AP16POA4,01/11/2016,10:00:00,12:00:00,BPA0ENRY,UOW,POOL,HIGH,208586,4,44,5235,59,5224,59,50,2,10,2,0,0,99.17,4.0,20.0
AP16POA4,01/11/2016,12:00:00,14:00:00,BPA0ENRY,UOW,POOL,HIGH,112690,0,29,3540,44,3525,44,50,2,10,2,0,0,99.19,4.0,20.0
AP16POA4,01/11/2016,14:00:00,16:00:00,BPA0ENRY,UOW,POOL,HIGH,224474,2,32,4696,56,4674,56,50,3,10,3,0,0,99.32,6.0,30.0
AP16POA4,01/11/2016,16:00:00,18:00:00,BPA0ENRY,UOW,POOL,HIGH,144866,2,48,4243,42,4253,43,50,3,10,3,0,2,98.88,6.0,30.0
AP16POA4,01/11/2016,18:00:00,20:00:00,BPA0ENRY,UOW,POOL,HIGH,157750,1,12,1106,46,1073,46,50,2,10,2,0,0,98.93,4.0,20.0
AP16POA4,01/11/2016,20:00:00,22:00:00,BPA0ENRY,UOW,POOL,HIGH,59691,3,1,303,98,209,99,50,2,10,2,0,0,99.67,4.0,20.0
BP15PAAA,01/11/2016,06:00:00,08:00:00,BPA0ENRY,TASK,POOL,EQUAL,366749,1288,371,13126,184,14735,184,100,4,30,4,0,134,97.49,4.0,13.33
BP15PAAA,01/11/2016,08:00:00,10:00:00,BPA0ENRY,TASK,POOL,EQUAL,3810111,12280,3452,128226,1519,143830,1517,100,16,30,16,0,1391,97.6,16.0,53.33
BP15PAAA,01/11/2016,10:00:00,12:00:00,BPA0ENRY,TASK,POOL,EQUAL,7222051,23006,5130,215051,2503,243062,2501,100,11,30,11,0,2378,97.89,11.0,36.67
BP15PAAA,01/11/2016,12:00:00,14:00:00,BPA0ENRY,TASK,POOL,EQUAL,6793383,20765,3974,169005,2005,193639,2007,100,9,30,9,0,1897,97.95,9.0,30.0
BP15PAAA,01/11/2016,14:00:00,16:00:00,BPA0ENRY,TASK,POOL,EQUAL,7255908,21486,4701,207295,2396,233369,2394,100,11,30,11,0,2285,97.99,11.0,36.67
BP15PAAA,01/11/2016,16:00:00,18:00:00,BPA0ENRY,TASK,POOL,EQUAL,7749536,18815,4572,185904,2164,209175,2165,100,11,30,11,0,2049,97.82,11.0,36.67
BP15PAAA,01/11/2016,18:00:00,20:00:00,BPA0ENRY,TASK,POOL,EQUAL,6897988,12652,3023,113125,1352,128695,1352,100,7,30,7,0,1247,97.65,7.0,23.33
BP15PAAA,01/11/2016,20:00:00,22:00:00,BPA0ENRY,TASK,POOL,EQUAL,5980866,11276,2099,88928,1087,102206,1087,100,8,30,8,0,990,97.95,8.0,26.67
BP15PAAE,01/11/2016,06:00:00,08:00:00,BPA0ENRY,TASK,POOL,EQUAL,366634,1298,378,13297,196,14910,194,100,4,30,4,0,133,97.48,4.0,13.33
BP15PAAE,01/11/2016,08:00:00,10:00:00,BPA0ENRY,TASK,POOL,EQUAL,3816460,12224,3325,128566,1495,144022,1493,100,8,30,8,0,1402,97.69,8.0,26.67
BP15PAAE,01/11/2016,10:00:00,12:00:00,BPA0ENRY,TASK,POOL,EQUAL,7463203,23142,5055,216129,2517,244199,2517,100,10,30,10,0,2390,97.93,10.0,33.33
BP15PAAE,01/11/2016,12:00:00,14:00:00,BPA0ENRY,TASK,POOL,EQUAL,6777634,20705,3987,168817,1994,193400,1995,100,9,30,9,0,1886,97.94,9.0,30.0
BP15PAAE,01/11/2016,14:00:00,16:00:00,BPA0ENRY,TASK,POOL,EQUAL,7407381,21459,4640,207041,2406,233012,2405,100,13,30,13,0,2277,98.01,13.0,43.33
BP15PAAE,01/11/2016,16:00:00,18:00:00,BPA0ENRY,TASK,POOL,EQUAL,7808331,18654,4615,185533,2158,208696,2159,100,12,30,12,0,2053,97.79,12.0,40.0
BP15PAAE,01/11/2016,18:00:00,20:00:00,BPA0ENRY,TASK,POOL,EQUAL,6930810,12835,3037,113054,1352,128830,1352,100,10,30,10,0,1255,97.64,10.0,33.33
BP15PAAE,01/11/2016,20:00:00,22:00:00,BPA0ENRY,TASK,POOL,EQUAL,5979071,10935,2064,87597,1071,100490,1071,100,7,30,7,0,966,97.95,7.0,23.33
BP15PAA1,01/11/2016,06:00:00,08:00:00,BPA0ENRY,TASK,POOL,EQUAL,374276,1262,327,13415,185,14955,184,100,4,30,4,0,136,97.82,4.0,13.33
BP15PAA1,01/11/2016,08:00:00,10:00:00,BPA0ENRY,TASK,POOL,EQUAL,3798923,12334,3373,127989,1502,143600,1499,100,8,30,8,0,1405,97.65,8.0,26.67
BP15PAA1,01/11/2016,10:00:00,12:00:00,BPA0ENRY,TASK,POOL,EQUAL,7177072,23376,4905,216372,2511,244534,2511,100,10,30,10,0,2393,98.0,10.0,33.33
BP15PAA1,01/11/2016,12:00:00,14:00:00,BPA0ENRY,TASK,POOL,EQUAL,6961341,21067,4003,168455,2009,193410,2010,100,11,30,11,0,1892,97.93,11.0,36.67
BP15PAA1,01/11/2016,14:00:00,16:00:00,BPA0ENRY,TASK,POOL,EQUAL,7249749,21641,4567,206284,2407,232367,2407,100,9,30,9,0,2284,98.04,9.0,30.0
BP15PAA1,01/11/2016,16:00:00,18:00:00,BPA0ENRY,TASK,POOL,EQUAL,7854116,18785,4591,186177,2165,209442,2165,100,10,30,10,0,2054,97.81,10.0,33.33
BP15PAA1,01/11/2016,18:00:00,20:00:00,BPA0ENRY,TASK,POOL,EQUAL,7020381,12875,2972,112483,1356,128217,1354,100,9,30,9,0,1243,97.68,9.0,30.0
BP15PAA1,01/11/2016,20:00:00,22:00:00,BPA0ENRY,TASK,POOL,EQUAL,5940900,11101,2143,88332,1073,101484,1075,100,9,30,9,0,980,97.89,9.0,30.0
BP15PAA5,01/11/2016,06:00:00,08:00:00,BPA0ENRY,TASK,POOL,EQUAL,344522,1193,337,12994,186,14467,185,100,4,30,4,0,129,97.68,4.0,13.33
BP15PAA5,01/11/2016,08:00:00,10:00:00,BPA0ENRY,TASK,POOL,EQUAL,3809326,12347,3273,128390,1508,143906,1506,100,7,30,7,0,1404,97.73,7.0,23.33
BP15PAA5,01/11/2016,10:00:00,12:00:00,BPA0ENRY,TASK,POOL,EQUAL,7190126,23116,5066,215728,2514,243790,2512,100,19,30,19,0,2394,97.92,19.0,63.33
BP15PAA5,01/11/2016,12:00:00,14:00:00,BPA0ENRY,TASK,POOL,EQUAL,6898550,20200,4001,168651,2013,192726,2015,100,12,30,12,0,1887,97.93,12.0,40.0
BP15PAA5,01/11/2016,14:00:00,16:00:00,BPA0ENRY,TASK,POOL,EQUAL,7239679,21400,4690,206473,2407,232437,2406,100,11,30,11,0,2281,97.98,11.0,36.67
BP15PAA5,01/11/2016,16:00:00,18:00:00,BPA0ENRY,TASK,POOL,EQUAL,7719665,18536,4535,185821,2151,208787,2152,100,10,30,10,0,2047,97.83,10.0,33.33
BP15PAA5,01/11/2016,18:00:00,20:00:00,BPA0ENRY,TASK,POOL,EQUAL,7412197,13023,2988,113334,1354,129249,1355,100,8,30,8,0,1257,97.69,8.0,26.67
BP15PAA5,01/11/2016,20:00:00,22:00:00,BPA0ENRY,TASK,POOL,EQUAL,5781796,10750,2150,87814,1058,100633,1058,100,8,30,8,0,976,97.87,8.0,26.67
BP16PAAB,01/11/2016,06:00:00,08:00:00,BPA0ENRY,TASK,POOL,EQUAL,353869,1248,356,13098,178,14654,176,100,4,30,4,0,129,97.58,4.0,13.33
BP16PAAB,01/11/2016,08:00:00,10:00:00,BPA0ENRY,TASK,POOL,EQUAL,3792122,12238,3388,128408,1498,143940,1496,100,7,30,7,0,1405,97.65,7.0,23.33
BP16PAAB,01/11/2016,10:00:00,12:00:00,BPA0ENRY,TASK,POOL,EQUAL,7547529,23042,4948,215370,2503,243248,2503,100,10,30,10,0,2391,97.97,10.0,33.33
BP16PAAB,01/11/2016,12:00:00,14:00:00,BPA0ENRY,TASK,POOL,EQUAL,6918627,20651,4031,169768,2005,194344,2006,100,8,30,8,0,1898,97.93,8.0,26.67
BP16PAAB,01/11/2016,14:00:00,16:00:00,BPA0ENRY,TASK,POOL,EQUAL,7265994,21398,4660,207057,2414,232976,2413,100,12,30,12,0,2276,98.0,12.0,40.0
BP16PAAB,01/11/2016,16:00:00,18:00:00,BPA0ENRY,TASK,POOL,EQUAL,7787014,18977,4551,185470,2157,208879,2158,100,8,30,8,0,2037,97.82,8.0,26.67
BP16PAAB,01/11/2016,18:00:00,20:00:00,BPA0ENRY,TASK,POOL,EQUAL,7053225,13115,3070,113249,1352,129338,1351,100,9,30,9,0,1257,97.63,9.0,30.0
BP16PAAB,01/11/2016,20:00:00,22:00:00,BPA0ENRY,TASK,POOL,EQUAL,6072275,11030,2085,87650,1059,100678,1060,100,8,30,8,0,971,97.93,8.0,26.67
BP16PAAF,01/11/2016,06:00:00,08:00:00,BPA0ENRY,TASK,POOL,EQUAL,378981,1301,303,13455,192,15007,191,100,4,30,4,0,140,97.99,4.0,13.33
BP16PAAF,01/11/2016,08:00:00,10:00:00,BPA0ENRY,TASK,POOL,EQUAL,3717810,11945,3356,127736,1479,142950,1476,100,11,30,11,0,1392,97.65,11.0,36.67
BP16PAAF,01/11/2016,10:00:00,12:00:00,BPA0ENRY,TASK,POOL,EQUAL,7175003,23330,5046,216766,2524,245026,2524,100,15,30,15,0,2406,97.94,15.0,50.0
BP16PAAF,01/11/2016,12:00:00,14:00:00,BPA0ENRY,TASK,POOL,EQUAL,6634277,20675,4074,168224,1994,192863,1994,100,14,30,14,0,1886,97.89,14.0,46.67
BP16PAAF,01/11/2016,14:00:00,16:00:00,BPA0ENRY,TASK,POOL,EQUAL,7322100,21599,4700,207361,2417,233535,2417,100,13,30,13,0,2292,97.99,13.0,43.33
BP16PAAF,01/11/2016,16:00:00,18:00:00,BPA0ENRY,TASK,POOL,EQUAL,8102439,18748,4516,186436,2166,209595,2167,100,13,30,13,0,2060,97.85,13.0,43.33
BP16PAAF,01/11/2016,18:00:00,20:00:00,BPA0ENRY,TASK,POOL,EQUAL,7106927,12876,3078,112459,1333,128326,1333,100,11,30,11,0,1247,97.6,11.0,36.67
BP16PAAF,01/11/2016,20:00:00,22:00:00,BPA0ENRY,TASK,POOL,EQUAL,6034163,11329,2192,88645,1088,102067,1087,100,7,30,7,0,989,97.85,7.0,23.33
BP16PAA2,01/11/2016,06:00:00,08:00:00,BPA0ENRY,TASK,POOL,EQUAL,346889,1249,370,13224,187,14793,185,100,3,30,3,0,137,97.51,3.0,10.0
BP16PAA2,01/11/2016,08:00:00,10:00:00,BPA0ENRY,TASK,POOL,EQUAL,3814619,12371,3387,128446,1497,144118,1495,100,7,30,7,0,1410,97.65,7.0,23.33
BP16PAA2,01/11/2016,10:00:00,12:00:00,BPA0ENRY,TASK,POOL,EQUAL,7467059,23320,5157,215839,2521,244187,2522,100,12,30,12,0,2393,97.89,12.0,40.0
BP16PAA2,01/11/2016,12:00:00,14:00:00,BPA0ENRY,TASK,POOL,EQUAL,6831734,20678,3988,168210,1988,192771,1988,100,9,30,9,0,1883,97.93,9.0,30.0
BP16PAA2,01/11/2016,14:00:00,16:00:00,BPA0ENRY,TASK,POOL,EQUAL,7353165,21302,4721,206985,2397,232894,2396,100,11,30,11,0,2282,97.97,11.0,36.67
BP16PAA2,01/11/2016,16:00:00,18:00:00,BPA0ENRY,TASK,POOL,EQUAL,8059231,19143,4482,186829,2185,210321,2185,100,10,30,10,0,2053,97.87,10.0,33.33
BP16PAA2,01/11/2016,18:00:00,20:00:00,BPA0ENRY,TASK,POOL,EQUAL,7058000,12794,2998,112858,1344,128558,1345,100,8,30,8,0,1253,97.67,8.0,26.67
BP16PAA2,01/11/2016,20:00:00,22:00:00,BPA0ENRY,TASK,POOL,EQUAL,5999866,11057,2053,87979,1069,101001,1070,100,7,30,7,0,981,97.97,7.0,23.33
BP16PAA6,01/11/2016,06:00:00,08:00:00,BPA0ENRY,TASK,POOL,EQUAL,348945,1245,353,12992,180,14541,180,100,4,30,4,0,131,97.58,4.0,13.33
BP16PAA6,01/11/2016,08:00:00,10:00:00,BPA0ENRY,TASK,POOL,EQUAL,3727415,12042,3425,128701,1495,144081,1493,100,8,30,8,0,1407,97.62,8.0,26.67
BP16PAA6,01/11/2016,10:00:00,12:00:00,BPA0ENRY,TASK,POOL,EQUAL,7176207,23040,4956,215084,2500,242955,2499,100,10,30,10,0,2375,97.96,10.0,33.33
BP16PAA6,01/11/2016,12:00:00,14:00:00,BPA0ENRY,TASK,POOL,EQUAL,6833116,20772,4071,169040,2004,193775,2002,100,12,30,12,0,1897,97.9,12.0,40.0
BP16PAA6,01/11/2016,14:00:00,16:00:00,BPA0ENRY,TASK,POOL,EQUAL,7215015,21395,4661,206405,2391,232352,2392,100,12,30,12,0,2281,97.99,12.0,40.0
BP16PAA6,01/11/2016,16:00:00,18:00:00,BPA0ENRY,TASK,POOL,EQUAL,8059278,18753,4489,184157,2136,207286,2137,100,10,30,10,0,2025,97.84,10.0,33.33
BP16PAA6,01/11/2016,18:00:00,20:00:00,BPA0ENRY,TASK,POOL,EQUAL,7205315,12722,3085,113727,1349,129449,1349,100,9,30,9,0,1264,97.62,9.0,30.0
BP16PAA6,01/11/2016,20:00:00,22:00:00,BPA0ENRY,TASK,POOL,EQUAL,6018183,10775,2140,88235,1070,101060,1072,100,7,30,7,0,980,97.88,7.0,23.33
BP17PAAC,01/11/2016,06:00:00,08:00:00,BPA0ENRY,TASK,POOL,EQUAL,360608,1203,332,12958,179,14441,177,100,3,30,3,0,127,97.71,3.0,10.0
BP17PAAC,01/11/2016,08:00:00,10:00:00,BPA0ENRY,TASK,POOL,EQUAL,3695124,11955,3349,128776,1497,143990,1494,100,14,30,14,0,1406,97.68,14.0,46.67
BP17PAAC,01/11/2016,10:00:00,12:00:00,BPA0ENRY,TASK,POOL,EQUAL,7780542,23456,5117,215202,2502,243658,2502,100,9,30,9,0,2386,97.9,9.0,30.0
BP17PAAC,01/11/2016,12:00:00,14:00:00,BPA0ENRY,TASK,POOL,EQUAL,6848431,21036,4078,169923,2029,194920,2030,100,9,30,9,0,1912,97.91,9.0,30.0
BP17PAAC,01/11/2016,14:00:00,16:00:00,BPA0ENRY,TASK,POOL,EQUAL,7386062,21372,4826,207266,2402,233353,2402,100,14,30,14,0,2289,97.93,14.0,46.67
BP17PAAC,01/11/2016,16:00:00,18:00:00,BPA0ENRY,TASK,POOL,EQUAL,7872076,18477,4487,185558,2148,208424,2148,100,9,30,9,0,2052,97.85,9.0,30.0
BP17PAAC,01/11/2016,18:00:00,20:00:00,BPA0ENRY,TASK,POOL,EQUAL,7019437,12777,3058,112336,1346,128070,1344,100,10,30,10,0,1245,97.61,10.0,33.33
BP17PAAC,01/11/2016,20:00:00,22:00:00,BPA0ENRY,TASK,POOL,EQUAL,5954855,11187,2119,88467,1074,101683,1077,100,8,30,8,0,984,97.92,8.0,26.67
BP17PAAG,01/11/2016,06:00:00,08:00:00,BPA0ENRY,TASK,POOL,EQUAL,380036,1356,358,13558,189,15220,187,100,3,30,3,0,137,97.66,3.0,10.0
BP17PAAG,01/11/2016,08:00:00,10:00:00,BPA0ENRY,TASK,POOL,EQUAL,3734024,12220,3341,127895,1489,143362,1486,100,8,30,8,0,1395,97.67,8.0,26.67
BP17PAAG,01/11/2016,10:00:00,12:00:00,BPA0ENRY,TASK,POOL,EQUAL,7460107,23084,4999,215640,2506,243617,2508,100,8,30,8,0,2400,97.95,8.0,26.67
BP17PAAG,01/11/2016,12:00:00,14:00:00,BPA0ENRY,TASK,POOL,EQUAL,6969439,20545,3979,169336,2002,193760,2001,100,7,30,7,0,1902,97.95,7.0,23.33
BP17PAAG,01/11/2016,14:00:00,16:00:00,BPA0ENRY,TASK,POOL,EQUAL,7379682,21344,4564,207036,2399,232829,2399,100,10,30,10,0,2283,98.04,10.0,33.33
BP17PAAG,01/11/2016,16:00:00,18:00:00,BPA0ENRY,TASK,POOL,EQUAL,8221700,18954,4495,186560,2154,209914,2155,100,8,30,8,0,2060,97.86,8.0,26.67
BP17PAAG,01/11/2016,18:00:00,20:00:00,BPA0ENRY,TASK,POOL,EQUAL,7305129,12977,3001,114022,1350,129925,1350,100,7,30,7,0,1275,97.69,7.0,23.33
BP17PAAG,01/11/2016,20:00:00,22:00:00,BPA0ENRY,TASK,POOL,EQUAL,6062068,10723,2045,88418,1075,101095,1075,100,7,30,7,0,984,97.98,7.0,23.33
BP17PAA3,01/11/2016,06:00:00,08:00:00,BPA0ENRY,TASK,POOL,EQUAL,357373,1216,346,13310,186,14821,185,100,4,30,4,0,135,97.67,4.0,13.33
BP17PAA3,01/11/2016,08:00:00,10:00:00,BPA0ENRY,TASK,POOL,EQUAL,3863324,12438,3520,127978,1486,143852,1483,100,7,30,7,0,1402,97.55,7.0,23.33
BP17PAA3,01/11/2016,10:00:00,12:00:00,BPA0ENRY,TASK,POOL,EQUAL,7223388,23254,5101,215748,2501,243997,2501,100,10,30,10,0,2394,97.91,10.0,33.33
BP17PAA3,01/11/2016,12:00:00,14:00:00,BPA0ENRY,TASK,POOL,EQUAL,6763579,20435,4043,168050,1996,192418,1996,100,8,30,8,0,1885,97.9,8.0,26.67
BP17PAA3,01/11/2016,14:00:00,16:00:00,BPA0ENRY,TASK,POOL,EQUAL,7296589,21162,4768,207205,2405,233011,2404,100,10,30,10,0,2283,97.95,10.0,33.33
BP17PAA3,01/11/2016,16:00:00,18:00:00,BPA0ENRY,TASK,POOL,EQUAL,7812237,18964,4399,185527,2150,208789,2151,100,8,30,8,0,2049,97.89,8.0,26.67
BP17PAA3,01/11/2016,18:00:00,20:00:00,BPA0ENRY,TASK,POOL,EQUAL,7280075,12650,3007,113013,1340,128581,1341,100,7,30,7,0,1251,97.66,7.0,23.33
BP17PAA3,01/11/2016,20:00:00,22:00:00,BPA0ENRY,TASK,POOL,EQUAL,5746064,11076,2078,87981,1064,101044,1064,100,7,30,7,0,973,97.95,7.0,23.33
BP17PAA7,01/11/2016,06:00:00,08:00:00,BPA0ENRY,TASK,POOL,EQUAL,385317,1185,344,13014,189,14490,189,100,4,30,4,0,135,97.63,4.0,13.33
BP17PAA7,01/11/2016,08:00:00,10:00:00,BPA0ENRY,TASK,POOL,EQUAL,3916507,12381,3418,128632,1492,144344,1489,100,7,30,7,0,1406,97.63,7.0,23.33
BP17PAA7,01/11/2016,10:00:00,12:00:00,BPA0ENRY,TASK,POOL,EQUAL,7176718,23456,5057,216158,2511,244561,2510,100,10,30,10,0,2401,97.93,10.0,33.33
BP17PAA7,01/11/2016,12:00:00,14:00:00,BPA0ENRY,TASK,POOL,EQUAL,6855408,20139,4145,168951,1996,193131,1997,100,11,30,11,0,1892,97.85,11.0,36.67
BP17PAA7,01/11/2016,14:00:00,16:00:00,BPA0ENRY,TASK,POOL,EQUAL,7298605,21342,4676,206302,2402,232188,2400,100,11,30,11,0,2270,97.99,11.0,36.67
BP17PAA7,01/11/2016,16:00:00,18:00:00,BPA0ENRY,TASK,POOL,EQUAL,8653331,18692,4641,185419,2150,208649,2152,100,9,30,9,0,2047,97.78,9.0,30.0
BP17PAA7,01/11/2016,18:00:00,20:00:00,BPA0ENRY,TASK,POOL,EQUAL,8311816,12914,3083,113169,1342,129080,1343,100,7,30,7,0,1255,97.61,7.0,23.33
BP17PAA7,01/11/2016,20:00:00,22:00:00,BPA0ENRY,TASK,POOL,EQUAL,6522733,10784,2191,88050,1060,100943,1060,100,8,30,8,0,979,97.83,8.0,26.67
BP18PAAD,01/11/2016,06:00:00,08:00:00,BPA0ENRY,TASK,POOL,EQUAL,359499,1270,371,13486,188,15077,186,100,4,30,4,0,137,97.55,4.0,13.33
BP18PAAD,01/11/2016,08:00:00,10:00:00,BPA0ENRY,TASK,POOL,EQUAL,3735140,12228,3473,128503,1493,144113,1490,100,8,30,8,0,1402,97.59,8.0,26.67
BP18PAAD,01/11/2016,10:00:00,12:00:00,BPA0ENRY,TASK,POOL,EQUAL,7172425,23098,5003,215727,2516,243697,2518,100,11,30,11,0,2386,97.95,11.0,36.67
BP18PAAD,01/11/2016,12:00:00,14:00:00,BPA0ENRY,TASK,POOL,EQUAL,6777709,20931,3972,169730,2011,194533,2010,100,10,30,10,0,1911,97.96,10.0,33.33
BP18PAAD,01/11/2016,14:00:00,16:00:00,BPA0ENRY,TASK,POOL,EQUAL,7225140,21250,4636,206619,2392,232390,2393,100,9,30,9,0,2277,98.01,9.0,30.0
BP18PAAD,01/11/2016,16:00:00,18:00:00,BPA0ENRY,TASK,POOL,EQUAL,7760771,19267,4511,185969,2169,209633,2169,100,9,30,9,0,2055,97.85,9.0,30.0
BP18PAAD,01/11/2016,18:00:00,20:00:00,BPA0ENRY,TASK,POOL,EQUAL,7262838,12660,3045,113670,1341,129299,1341,100,6,30,6,0,1265,97.65,6.0,20.0
BP18PAAD,01/11/2016,20:00:00,22:00:00,BPA0ENRY,TASK,POOL,EQUAL,5674252,10893,2133,88004,1068,100943,1067,100,7,30,7,0,980,97.89,7.0,23.33
BP18PAAH,01/11/2016,06:00:00,08:00:00,BPA0ENRY,TASK,POOL,EQUAL,387886,1242,361,13038,184,14589,183,100,3,30,3,0,132,97.53,3.0,10.0
BP18PAAH,01/11/2016,08:00:00,10:00:00,BPA0ENRY,TASK,POOL,EQUAL,3842958,11861,3389,128698,1498,143850,1494,100,8,30,8,0,1400,97.65,8.0,26.67
BP18PAAH,01/11/2016,10:00:00,12:00:00,BPA0ENRY,TASK,POOL,EQUAL,7787935,23254,5084,216284,2517,244496,2519,100,10,30,10,0,2391,97.92,10.0,33.33
BP18PAAH,01/11/2016,12:00:00,14:00:00,BPA0ENRY,TASK,POOL,EQUAL,6693791,20476,4041,169006,1994,193422,1994,100,9,30,9,0,1893,97.91,9.0,30.0
BP18PAAH,01/11/2016,14:00:00,16:00:00,BPA0ENRY,TASK,POOL,EQUAL,7316332,21373,4728,208410,2424,234379,2424,100,10,30,10,0,2290,97.98,10.0,33.33
BP18PAAH,01/11/2016,16:00:00,18:00:00,BPA0ENRY,TASK,POOL,EQUAL,8765132,18567,4492,185054,2151,208007,2152,100,8,30,8,0,2047,97.84,8.0,26.67
BP18PAAH,01/11/2016,18:00:00,20:00:00,BPA0ENRY,TASK,POOL,EQUAL,7826318,12849,3028,112749,1346,128534,1343,100,7,30,7,0,1254,97.65,7.0,23.33
BP18PAAH,01/11/2016,20:00:00,22:00:00,BPA0ENRY,TASK,POOL,EQUAL,6750482,10832,2211,87910,1061,100862,1064,100,8,30,8,0,970,97.81,8.0,26.67
BP18PAA4,01/11/2016,06:00:00,08:00:00,BPA0ENRY,TASK,POOL,EQUAL,358272,1291,320,13240,187,14797,185,100,4,30,4,0,133,97.85,4.0,13.33
BP18PAA4,01/11/2016,08:00:00,10:00:00,BPA0ENRY,TASK,POOL,EQUAL,3834256,12212,3349,128329,1489,143810,1485,100,8,30,8,0,1406,97.67,8.0,26.67
BP18PAA4,01/11/2016,10:00:00,12:00:00,BPA0ENRY,TASK,POOL,EQUAL,7193663,23294,5093,215592,2505,243861,2507,100,9,30,9,0,2389,97.91,9.0,30.0
BP18PAA4,01/11/2016,12:00:00,14:00:00,BPA0ENRY,TASK,POOL,EQUAL,6931577,20758,4076,168201,1997,192930,1998,100,8,30,8,0,1892,97.89,8.0,26.67
BP18PAA4,01/11/2016,14:00:00,16:00:00,BPA0ENRY,TASK,POOL,EQUAL,7267071,21300,4625,206306,2388,232119,2387,100,9,30,9,0,2277,98.01,9.0,30.0
BP18PAA4,01/11/2016,16:00:00,18:00:00,BPA0ENRY,TASK,POOL,EQUAL,7732511,18891,4580,186304,2168,209658,2169,100,15,30,15,0,2051,97.82,15.0,50.0
BP18PAA4,01/11/2016,18:00:00,20:00:00,BPA0ENRY,TASK,POOL,EQUAL,7019414,12806,2920,112762,1342,128398,1341,100,11,30,11,0,1252,97.73,11.0,36.67
BP18PAA4,01/11/2016,20:00:00,22:00:00,BPA0ENRY,TASK,POOL,EQUAL,6013746,11072,2153,88459,1072,101597,1073,100,6,30,6,0,985,97.88,6.0,20.0
BP18PAA8,01/11/2016,06:00:00,08:00:00,BPA0ENRY,TASK,POOL,EQUAL,380475,1206,333,12991,190,14471,188,100,4,30,4,0,131,97.71,4.0,13.33
BP18PAA8,01/11/2016,08:00:00,10:00:00,BPA0ENRY,TASK,POOL,EQUAL,3815411,12252,3265,128136,1493,143561,1490,100,10,30,10,0,1401,97.73,10.0,33.33
BP18PAA8,01/11/2016,10:00:00,12:00:00,BPA0ENRY,TASK,POOL,EQUAL,7213906,23470,4992,215468,2522,243805,2523,100,13,30,13,0,2397,97.95,13.0,43.33
BP18PAA8,01/11/2016,12:00:00,14:00:00,BPA0ENRY,TASK,POOL,EQUAL,6813043,20706,3936,168639,2004,193169,2005,100,12,30,12,0,1892,97.96,12.0,40.0
BP18PAA8,01/11/2016,14:00:00,16:00:00,BPA0ENRY,TASK,POOL,EQUAL,7324525,21346,4618,206899,2392,232758,2391,100,10,30,10,0,2286,98.02,10.0,33.33
BP18PAA8,01/11/2016,16:00:00,18:00:00,BPA0ENRY,TASK,POOL,EQUAL,8843873,19074,4585,185688,2157,209240,2157,100,8,30,8,0,2050,97.81,8.0,26.67
BP18PAA8,01/11/2016,18:00:00,20:00:00,BPA0ENRY,TASK,POOL,EQUAL,8290542,12531,2979,113292,1341,128715,1341,100,7,30,7,0,1254,97.69,7.0,23.33
BP18PAA8,01/11/2016,20:00:00,22:00:00,BPA0ENRY,TASK,POOL,EQUAL,6714679,10928,2214,88664,1077,101713,1077,100,7,30,7,0,982,97.83,7.0,23.33
