Applid,Date,ResTime,ColTime,ASCPU,ASSRB,ICV,ICVR,QRCPU,QRDsp,QRCPUUtilRatio%,QRDispUtilRatio%,QRDispRatio%,L8CPU,L8Dsp,L8CPUUtilRatio%,L8DispUtilRatio%,L8DispRatio%,ASTCBUtilRatio%,ASSRBCPUUtilRatio%,CPUPerUsrTran,PkOpTCB,MAXOpTCB,OpTCBRatio%
AP15POA1,01/11/2016,06:00:00,08:00:00,00:00:02.978746,00:00:00.104316,10000,500,00:00:02.619746,00:00:03.063698,0.04,0.04,85.51,00:00:00.312186,00:00:00.457466,0.00,0.01,68.24,0.04,0.00,0.102769,3,432,0.69
AP15POA1,01/11/2016,08:00:00,10:00:00,00:00:28.478749,00:00:00.127479,10000,500,00:00:04.778112,00:00:05.860010,0.07,0.08,81.54,00:00:23.361487,00:00:38.460564,0.32,0.53,60.74,0.40,0.00,0.013207,8,432,1.85
AP15POA1,01/11/2016,10:00:00,12:00:00,00:01:05.580359,00:00:00.160579,10000,500,00:00:08.143326,00:00:09.646270,0.11,0.13,84.42,00:00:56.649170,00:01:35.416040,0.79,1.33,59.37,0.91,0.00,0.012721,10,432,2.31
AP15POA1,01/11/2016,12:00:00,14:00:00,00:00:39.742736,00:00:00.141564,10000,500,00:00:06.601423,00:00:08.150228,0.09,0.11,81.00,00:00:32.608480,00:00:54.096275,0.45,0.75,60.28,0.55,0.00,0.011514,10,432,2.31
AP15POA1,01/11/2016,14:00:00,16:00:00,00:01:03.705091,00:00:00.167441,10000,500,00:00:07.542731,00:00:09.252342,0.10,0.13,81.52,00:00:55.464646,00:01:32.227450,0.77,1.28,60.14,0.88,0.00,0.013876,9,432,2.08
AP15POA1,01/11/2016,16:00:00,18:00:00,00:00:52.718636,00:00:00.159099,10000,500,00:00:07.651063,00:00:09.144794,0.11,0.13,83.67,00:00:44.408693,00:01:21.249781,0.62,1.13,54.66,0.73,0.00,0.012605,9,432,2.08
AP15POA1,01/11/2016,18:00:00,20:00:00,00:00:30.632955,00:00:00.130963,10000,500,00:00:04.332805,00:00:05.462371,0.06,0.08,79.32,00:00:26.113081,00:02:03.438697,0.36,1.71,21.15,0.43,0.00,0.031748,8,432,1.85
AP15POA1,01/11/2016,20:00:00,22:00:00,00:00:10.882627,00:00:00.117512,10000,500,00:00:02.976597,00:00:03.588323,0.04,0.05,82.95,00:00:07.849127,00:00:12.306090,0.11,0.17,63.78,0.15,0.00,0.055001,5,432,1.16
AP15POA3,01/11/2016,06:00:00,08:00:00,00:00:03.129551,00:00:00.107898,10000,500,00:00:02.657454,00:00:03.422251,0.04,0.05,77.65,00:00:00.424286,00:00:02.132642,0.01,0.03,19.89,0.04,0.00,0.095219,3,432,0.69
AP15POA3,01/11/2016,08:00:00,10:00:00,00:00:26.433166,00:00:00.132513,10000,500,00:00:04.814809,00:00:06.195611,0.07,0.09,77.71,00:00:21.277321,00:00:36.240658,0.30,0.50,58.71,0.37,0.00,0.012081,9,432,2.08
AP15POA3,01/11/2016,10:00:00,12:00:00,00:00:49.435560,00:00:00.159710,10000,500,00:00:08.016743,00:00:09.802359,0.11,0.14,81.78,00:00:40.645355,00:01:07.080229,0.56,0.93,60.59,0.69,0.00,0.010019,10,432,2.31
AP15POA3,01/11/2016,12:00:00,14:00:00,00:00:49.960671,00:00:00.140716,10000,500,00:00:06.677675,00:00:08.509928,0.09,0.12,78.47,00:00:42.752339,00:01:11.826219,0.59,1.00,59.52,0.69,0.00,0.014233,9,432,2.08
AP15POA3,01/11/2016,14:00:00,16:00:00,00:00:42.112816,00:00:00.145078,10000,500,00:00:07.268604,00:00:09.170223,0.10,0.13,79.26,00:00:34.188888,00:00:59.596875,0.47,0.83,57.37,0.58,0.00,0.009917,9,432,2.08
AP15POA3,01/11/2016,16:00:00,18:00:00,00:00:56.004872,00:00:00.156912,10000,500,00:00:07.530457,00:00:09.415550,0.10,0.13,79.98,00:00:47.820690,00:01:13.702788,0.66,1.02,64.88,0.78,0.00,0.013769,9,432,2.08
AP15POA3,01/11/2016,18:00:00,20:00:00,00:00:28.116615,00:00:00.130062,10000,500,00:00:04.355218,00:00:05.814969,0.06,0.08,74.90,00:00:23.578991,00:01:15.158942,0.33,1.04,31.37,0.39,0.00,0.028735,9,432,2.08
AP15POA3,01/11/2016,20:00:00,22:00:00,00:00:08.210666,00:00:00.122129,10000,500,00:00:03.002464,00:00:03.885121,0.04,0.05,77.28,00:00:05.152495,00:00:07.875229,0.07,0.11,65.43,0.11,0.00,0.050810,4,432,0.93
AP16POA2,01/11/2016,06:00:00,08:00:00,00:00:02.817644,00:00:00.090242,10000,500,00:00:02.336547,00:00:02.666911,0.03,0.04,87.61,00:00:00.432056,00:00:01.406577,0.01,0.02,30.72,0.04,0.00,0.076523,3,432,0.69
AP16POA2,01/11/2016,08:00:00,10:00:00,00:01:04.611819,00:00:00.116218,10000,500,00:00:04.590935,00:00:05.350014,0.06,0.07,85.81,00:00:59.691451,00:01:34.741017,0.83,1.32,63.00,0.90,0.00,0.029651,9,432,2.08
AP16POA2,01/11/2016,10:00:00,12:00:00,00:00:55.940392,00:00:00.155879,10000,500,00:00:07.983784,00:00:09.617732,0.11,0.13,83.01,00:00:47.193581,00:01:31.873662,0.66,1.28,51.37,0.78,0.00,0.011056,12,432,2.78
AP16POA2,01/11/2016,12:00:00,14:00:00,00:00:39.270199,00:00:00.139747,10000,500,00:00:06.495759,00:00:07.794227,0.09,0.11,83.34,00:00:30.905798,00:00:53.064697,0.43,0.74,58.24,0.55,0.00,0.010677,9,432,2.08
AP16POA2,01/11/2016,14:00:00,16:00:00,00:00:51.204430,00:00:00.152919,10000,500,00:00:07.203247,00:00:08.684225,0.10,0.12,82.95,00:00:44.655203,00:01:21.148265,0.62,1.13,55.03,0.71,0.00,0.011632,9,432,2.08
AP16POA2,01/11/2016,16:00:00,18:00:00,00:00:49.426776,00:00:00.147522,10000,500,00:00:07.461566,00:00:09.300295,0.10,0.13,80.23,00:00:41.327363,00:01:25.598126,0.57,1.19,48.28,0.69,0.00,0.011957,9,432,2.08
AP16POA2,01/11/2016,18:00:00,20:00:00,00:00:26.512188,00:00:00.121204,10000,500,00:00:04.211065,00:00:05.096346,0.06,0.07,82.63,00:00:22.124352,00:01:05.692247,0.31,0.91,33.68,0.37,0.00,0.027714,8,432,1.85
AP16POA2,01/11/2016,20:00:00,22:00:00,00:00:07.513781,00:00:00.109899,10000,500,00:00:02.882933,00:00:03.525641,0.04,0.05,81.77,00:00:04.552989,00:00:06.254602,0.06,0.09,72.79,0.10,0.00,0.040988,6,432,1.39
AP16POA4,01/11/2016,06:00:00,08:00:00,00:00:02.723722,00:00:00.097146,10000,500,00:00:02.436215,00:00:03.056161,0.03,0.04,79.71,00:00:00.241272,00:00:00.374012,0.00,0.01,64.51,0.04,0.00,0.108495,3,432,0.69
AP16POA4,01/11/2016,08:00:00,10:00:00,00:00:38.238610,00:00:00.127509,10000,500,00:00:04.665480,00:00:05.797870,0.06,0.08,80.47,00:00:33.234816,00:00:56.421839,0.46,0.78,58.90,0.53,0.00,0.017911,9,432,2.08
AP16POA4,01/11/2016,10:00:00,12:00:00,00:00:56.126448,00:00:00.270209,10000,500,00:00:08.002443,00:00:09.995608,0.11,0.14,80.06,00:00:47.357576,00:01:18.591584,0.66,1.09,60.26,0.78,0.00,0.011246,9,432,2.08
AP16POA4,01/11/2016,12:00:00,14:00:00,00:00:35.003157,00:00:00.135599,10000,500,00:00:06.290568,00:00:07.977569,0.09,0.11,78.85,00:00:28.212614,00:00:49.162002,0.39,0.68,57.39,0.49,0.00,0.010458,9,432,2.08
AP16POA4,01/11/2016,14:00:00,16:00:00,00:00:48.775520,00:00:00.146973,10000,500,00:00:07.313384,00:00:09.093403,0.10,0.13,80.43,00:00:40.767819,00:01:07.936438,0.57,0.94,60.01,0.68,0.00,0.010864,9,432,2.08
AP16POA4,01/11/2016,16:00:00,18:00:00,00:00:49.983605,00:00:00.168469,10000,500,00:00:07.456737,00:00:09.488068,0.10,0.13,78.59,00:00:41.889773,00:01:31.810722,0.58,1.28,45.63,0.69,0.00,0.012307,9,432,2.08
AP16POA4,01/11/2016,18:00:00,20:00:00,00:00:30.649330,00:00:00.128456,10000,500,00:00:04.277886,00:00:05.655806,0.06,0.08,75.64,00:00:26.198937,00:00:57.633675,0.36,0.80,45.46,0.43,0.00,0.031152,9,432,2.08
AP16POA4,01/11/2016,20:00:00,22:00:00,00:00:10.382503,00:00:00.124360,10000,500,00:00:02.965757,00:00:03.970292,0.04,0.06,74.70,00:00:07.348107,00:00:10.039187,0.10,0.14,73.19,0.14,0.00,0.056794,8,432,1.85
BP15PAAA,01/11/2016,06:00:00,08:00:00,00:01:25.145149,00:00:00.386460,10000,500,00:00:10.297194,00:00:12.189443,0.14,0.17,84.48,00:01:12.899477,00:03:45.679909,1.01,3.13,32.30,1.18,0.01,0.006187,6,232,2.59
BP15PAAA,01/11/2016,08:00:00,10:00:00,00:13:16.749125,00:00:02.680100,10000,500,00:01:41.944488,00:02:01.373989,1.42,1.69,83.99,00:11:18.126023,00:40:34.857036,9.42,33.82,27.85,11.07,0.04,0.005863,18,232,7.76
BP15PAAA,01/11/2016,10:00:00,12:00:00,00:24:15.401333,00:00:04.580325,10000,500,00:02:39.084736,00:03:09.925281,2.21,2.64,83.76,00:21:08.219767,01:08:04.029703,17.61,56.72,31.05,20.21,0.06,0.006384,16,232,6.90
BP15PAAA,01/11/2016,12:00:00,14:00:00,00:21:07.659510,00:00:03.872650,10000,500,00:01:54.460216,00:02:22.001837,1.59,1.97,80.60,00:18:50.556191,00:52:45.351280,15.70,43.96,35.72,17.61,0.05,0.006935,12,232,5.17
BP15PAAA,01/11/2016,14:00:00,16:00:00,00:22:40.839542,00:00:04.324702,10000,500,00:02:21.592291,00:02:50.182008,1.97,2.36,83.20,00:19:51.574986,00:57:49.793083,16.55,48.19,34.34,18.90,0.06,0.006080,13,232,5.60
BP15PAAA,01/11/2016,16:00:00,18:00:00,00:24:04.254432,00:00:04.036444,10000,500,00:02:16.901472,00:02:43.197761,1.90,2.27,83.89,00:21:22.005654,00:58:31.816682,17.81,48.78,36.51,20.06,0.06,0.007316,13,232,5.60
BP15PAAA,01/11/2016,18:00:00,20:00:00,00:20:24.347502,00:00:02.852454,10000,500,00:01:22.843821,00:01:45.271395,1.15,1.46,78.70,00:18:45.547289,00:44:49.596270,15.63,37.36,41.85,17.00,0.04,0.010148,10,232,4.31
BP15PAAA,01/11/2016,20:00:00,22:00:00,00:19:56.517434,00:00:02.262338,10000,500,00:01:01.968189,00:01:19.242825,0.86,1.10,78.20,00:18:41.912036,00:48:25.231089,15.58,40.35,38.62,16.62,0.03,0.012585,9,232,3.88
BP15PAAE,01/11/2016,06:00:00,08:00:00,00:01:25.601622,00:00:00.398404,10000,500,00:00:10.331524,00:00:12.232867,0.14,0.17,84.46,00:01:13.293374,00:03:42.484693,1.02,3.09,32.94,1.19,0.01,0.006142,6,232,2.59
BP15PAAE,01/11/2016,08:00:00,10:00:00,00:13:04.636347,00:00:02.806586,10000,500,00:01:30.284231,00:01:47.961848,1.25,1.50,83.63,00:11:17.407838,00:35:02.047007,9.41,29.20,32.23,10.90,0.04,0.005761,10,232,4.31
BP15PAAE,01/11/2016,10:00:00,12:00:00,00:24:07.517924,00:00:04.576491,10000,500,00:02:23.206928,00:02:52.043611,1.99,2.39,83.24,00:21:14.083489,01:02:51.399727,17.70,52.38,33.78,20.10,0.06,0.006314,12,232,5.17
BP15PAAE,01/11/2016,12:00:00,14:00:00,00:21:08.398654,00:00:03.855093,10000,500,00:01:54.454514,00:02:20.621635,1.59,1.95,81.39,00:18:51.259039,00:52:53.134083,15.71,44.07,35.65,17.62,0.05,0.006951,13,232,5.60
BP15PAAE,01/11/2016,14:00:00,16:00:00,00:22:48.825777,00:00:04.253263,10000,500,00:02:21.687657,00:02:49.828146,1.97,2.36,83.43,00:19:59.267647,01:01:57.879215,16.66,51.64,32.26,19.01,0.06,0.006114,16,232,6.90
BP15PAAE,01/11/2016,16:00:00,18:00:00,00:24:15.037009,00:00:04.030657,10000,500,00:02:16.103815,00:02:43.012915,1.89,2.26,83.49,00:21:33.401545,00:56:37.975133,17.96,47.19,38.06,20.21,0.06,0.007391,16,232,6.90
BP15PAAE,01/11/2016,18:00:00,20:00:00,00:20:11.145249,00:00:02.877176,10000,500,00:01:22.481876,00:01:44.685782,1.15,1.45,78.79,00:18:32.109118,00:43:34.038603,15.45,36.31,42.54,16.82,0.04,0.010047,13,232,5.60
BP15PAAE,01/11/2016,20:00:00,22:00:00,00:19:51.595511,00:00:02.220950,10000,500,00:01:00.806848,00:01:18.055770,0.84,1.08,77.90,00:18:38.802179,00:50:01.682691,15.54,41.69,37.27,16.55,0.03,0.012727,13,232,5.60
BP15PAA1,01/11/2016,06:00:00,08:00:00,00:01:26.656786,00:00:00.384703,10000,500,00:00:10.464210,00:00:12.309794,0.15,0.17,85.01,00:01:14.195024,00:03:46.692667,1.03,3.15,32.73,1.20,0.01,0.006177,6,232,2.59
BP15PAA1,01/11/2016,08:00:00,10:00:00,00:13:02.254385,00:00:02.781451,10000,500,00:01:26.345721,00:01:43.913365,1.20,1.44,83.09,00:11:19.017152,00:34:56.562133,9.43,29.12,32.39,10.86,0.04,0.005769,10,232,4.31
BP15PAA1,01/11/2016,10:00:00,12:00:00,00:24:07.117896,00:00:04.487642,10000,500,00:02:23.386666,00:02:52.342417,1.99,2.39,83.20,00:21:15.156313,01:01:57.990004,17.71,51.64,34.30,20.10,0.06,0.006306,12,232,5.17
BP15PAA1,01/11/2016,12:00:00,14:00:00,00:21:16.985261,00:00:03.979305,10000,500,00:01:54.110085,00:02:21.413935,1.58,1.96,80.69,00:19:00.173138,00:51:14.011658,15.84,42.69,37.09,17.74,0.06,0.007002,13,232,5.60
BP15PAA1,01/11/2016,14:00:00,16:00:00,00:22:33.500842,00:00:04.265799,10000,500,00:02:21.350246,00:02:49.757240,1.96,2.36,83.27,00:19:44.295692,00:54:29.842178,16.45,45.41,36.22,18.80,0.06,0.006066,13,232,5.60
BP15PAA1,01/11/2016,16:00:00,18:00:00,00:24:24.926826,00:00:04.066003,10000,500,00:02:16.513305,00:02:43.868960,1.90,2.28,83.31,00:21:42.880972,00:52:58.770814,18.10,44.15,40.99,20.35,0.06,0.007409,12,232,5.17
BP15PAA1,01/11/2016,18:00:00,20:00:00,00:20:17.336543,00:00:02.822063,10000,500,00:01:22.373576,00:01:43.889957,1.14,1.44,79.29,00:18:39.032356,00:43:47.316142,15.54,36.49,42.59,16.91,0.04,0.010143,11,232,4.74
BP15PAA1,01/11/2016,20:00:00,22:00:00,00:19:51.040320,00:00:02.255130,10000,500,00:01:00.836929,00:01:18.383213,0.84,1.09,77.61,00:18:37.429207,00:48:45.721775,15.52,40.64,38.19,16.54,0.03,0.012621,11,232,4.74
BP15PAA5,01/11/2016,06:00:00,08:00:00,00:01:22.897467,00:00:00.383512,10000,500,00:00:10.310564,00:00:12.129302,0.14,0.17,85.01,00:01:10.677126,00:03:31.531268,0.98,2.94,33.41,1.15,0.01,0.006093,6,232,2.59
BP15PAA5,01/11/2016,08:00:00,10:00:00,00:13:07.615968,00:00:02.650373,10000,500,00:01:26.932124,00:01:44.955796,1.21,1.46,82.83,00:11:23.889493,00:35:31.298041,9.50,29.60,32.09,10.94,0.04,0.005789,10,232,4.31
BP15PAA5,01/11/2016,10:00:00,12:00:00,00:24:03.770722,00:00:04.509130,10000,500,00:02:25.001370,00:02:54.083305,2.01,2.42,83.29,00:21:10.387962,01:11:17.471971,17.64,59.41,29.70,20.05,0.06,0.006314,23,232,9.91
BP15PAA5,01/11/2016,12:00:00,14:00:00,00:21:12.319200,00:00:03.803931,10000,500,00:01:53.671436,00:02:20.873529,1.58,1.96,80.69,00:18:56.159526,00:52:49.912052,15.78,44.03,35.84,17.67,0.05,0.006989,13,232,5.60
BP15PAA5,01/11/2016,14:00:00,16:00:00,00:22:29.692555,00:00:04.315960,10000,500,00:02:21.417334,00:02:49.295864,1.96,2.35,83.53,00:19:40.686668,00:59:42.583047,16.40,49.76,32.96,18.75,0.06,0.006056,15,232,6.47
BP15PAA5,01/11/2016,16:00:00,18:00:00,00:24:23.476119,00:00:04.002356,10000,500,00:02:17.329389,00:02:43.848551,1.91,2.28,83.81,00:21:40.878918,00:58:19.371913,18.07,48.60,37.17,20.33,0.06,0.007423,12,232,5.17
BP15PAA5,01/11/2016,18:00:00,20:00:00,00:21:10.275001,00:00:02.868739,10000,500,00:01:23.329962,00:01:46.030331,1.16,1.47,78.59,00:19:30.949764,00:46:00.569663,16.26,38.34,42.42,17.64,0.04,0.010502,10,232,4.31
BP15PAA5,01/11/2016,20:00:00,22:00:00,00:19:10.645038,00:00:02.224038,10000,500,00:01:01.204756,00:01:17.425866,0.85,1.08,79.05,00:17:56.039578,00:49:10.062087,14.94,40.97,36.48,15.98,0.03,0.012275,11,232,4.74
BP16PAAB,01/11/2016,06:00:00,08:00:00,00:01:19.555088,00:00:00.366666,10000,500,00:00:09.425232,00:00:11.285373,0.13,0.16,83.52,00:01:08.236554,00:03:28.675089,0.95,2.90,32.70,1.10,0.01,0.005791,6,232,2.59
BP16PAAB,01/11/2016,08:00:00,10:00:00,00:12:45.651200,00:00:02.652053,10000,500,00:01:23.648682,00:01:41.054158,1.16,1.40,82.78,00:11:05.555453,00:33:51.452798,9.24,28.21,32.76,10.63,0.04,0.005627,10,232,4.31
BP16PAAB,01/11/2016,10:00:00,12:00:00,00:23:54.965409,00:00:04.651885,10000,500,00:02:20.565105,00:02:49.445787,1.95,2.35,82.96,00:21:04.424179,01:05:58.751148,17.56,54.98,31.94,19.93,0.06,0.006289,12,232,5.17
BP16PAAB,01/11/2016,12:00:00,14:00:00,00:20:38.499733,00:00:03.836261,10000,500,00:01:50.114764,00:02:13.569658,1.53,1.86,82.44,00:18:26.253426,00:50:00.007607,15.36,41.67,36.88,17.20,0.05,0.006787,10,232,4.31
BP16PAAB,01/11/2016,14:00:00,16:00:00,00:22:12.352646,00:00:04.255755,10000,500,00:02:20.630136,00:02:48.214915,1.95,2.34,83.60,00:19:24.520674,00:59:31.434551,16.17,49.60,32.61,18.50,0.06,0.006013,18,232,7.76
BP16PAAB,01/11/2016,16:00:00,18:00:00,00:23:59.741069,00:00:04.029608,10000,500,00:02:13.930240,00:02:43.532857,1.86,2.27,81.90,00:21:20.645406,00:52:34.609403,17.79,43.81,40.60,20.00,0.06,0.007315,10,232,4.31
BP16PAAB,01/11/2016,18:00:00,20:00:00,00:19:48.602396,00:00:02.782922,10000,500,00:01:18.690482,00:01:35.259310,1.09,1.32,82.61,00:18:14.388617,00:42:32.810500,15.20,35.46,42.87,16.51,0.04,0.009837,11,232,4.74
BP16PAAB,01/11/2016,20:00:00,22:00:00,00:19:47.390657,00:00:02.201754,10000,500,00:00:58.734808,00:01:15.470168,0.82,1.05,77.83,00:18:36.431115,00:50:37.625350,15.51,42.19,36.75,16.49,0.03,0.012673,10,232,4.31
BP16PAAF,01/11/2016,06:00:00,08:00:00,00:01:22.870025,00:00:00.366546,10000,500,00:00:09.594616,00:00:11.517218,0.13,0.16,83.31,00:01:11.346255,00:03:31.669691,0.99,2.94,33.71,1.15,0.01,0.005877,6,232,2.59
BP16PAAF,01/11/2016,08:00:00,10:00:00,00:12:41.177541,00:00:02.620567,10000,500,00:01:23.587509,00:01:40.942520,1.16,1.40,82.81,00:11:01.174233,00:33:55.627485,9.18,28.27,32.48,10.57,0.04,0.005625,12,232,5.17
BP16PAAF,01/11/2016,10:00:00,12:00:00,00:23:55.888816,00:00:04.621887,10000,500,00:02:22.069573,00:02:51.396607,1.97,2.38,82.89,00:21:05.365766,01:19:14.069160,17.57,66.03,26.62,19.94,0.06,0.006247,18,232,7.76
BP16PAAF,01/11/2016,12:00:00,14:00:00,00:20:21.985668,00:00:03.777761,10000,500,00:01:50.044574,00:02:13.824721,1.53,1.86,82.23,00:18:09.956488,00:55:45.683053,15.14,46.47,32.58,16.97,0.05,0.006743,16,232,6.90
BP16PAAF,01/11/2016,14:00:00,16:00:00,00:22:24.882929,00:00:04.267907,10000,500,00:02:20.450062,00:02:48.286209,1.95,2.34,83.46,00:19:37.221105,00:56:39.339132,16.35,47.21,34.63,18.68,0.06,0.006063,16,232,6.90
BP16PAAF,01/11/2016,16:00:00,18:00:00,00:24:40.183637,00:00:04.018908,10000,500,00:02:14.899499,00:02:45.527160,1.87,2.30,81.50,00:21:59.768309,00:54:14.181614,18.33,45.20,40.56,20.56,0.06,0.007483,15,232,6.47
BP16PAAF,01/11/2016,18:00:00,20:00:00,00:20:10.660250,00:00:02.762092,10000,500,00:01:18.833043,00:01:35.455523,1.09,1.33,82.59,00:18:36.635786,00:41:25.220968,15.51,34.52,44.93,16.81,0.04,0.010094,13,232,5.60
BP16PAAF,01/11/2016,20:00:00,22:00:00,00:19:50.898521,00:00:02.278618,10000,500,00:00:59.462700,00:01:16.707359,0.83,1.07,77.52,00:18:39.119457,00:49:25.323316,15.54,41.19,37.74,16.54,0.03,0.012564,9,232,3.88
BP16PAA2,01/11/2016,06:00:00,08:00:00,00:01:20.795270,00:00:00.378412,10000,500,00:00:09.470464,00:00:11.381272,0.13,0.16,83.21,00:01:09.454527,00:03:41.896581,0.96,3.08,31.30,1.12,0.01,0.005832,6,232,2.59
BP16PAA2,01/11/2016,08:00:00,10:00:00,00:12:48.287063,00:00:02.750318,10000,500,00:01:23.835908,00:01:41.068844,1.16,1.40,82.95,00:11:07.899133,00:36:15.547637,9.28,30.22,30.70,10.67,0.04,0.005644,10,232,4.31
BP16PAA2,01/11/2016,10:00:00,12:00:00,00:23:58.145809,00:00:04.975473,10000,500,00:02:21.818396,00:02:51.398815,1.97,2.38,82.74,00:21:06.144338,01:03:20.759307,17.59,52.79,33.31,19.97,0.07,0.006284,14,232,6.03
BP16PAA2,01/11/2016,12:00:00,14:00:00,00:20:45.532165,00:00:03.761888,10000,500,00:01:49.613334,00:02:12.829771,1.52,1.84,82.52,00:18:33.933316,00:52:58.868978,15.47,44.15,35.04,17.30,0.05,0.006880,13,232,5.60
BP16PAA2,01/11/2016,14:00:00,16:00:00,00:22:11.474311,00:00:04.248748,10000,500,00:02:17.659172,00:02:45.337308,1.91,2.30,83.26,00:19:26.485135,00:53:25.477480,16.20,44.52,36.39,18.49,0.06,0.006014,13,232,5.60
BP16PAA2,01/11/2016,16:00:00,18:00:00,00:24:20.453161,00:00:04.149167,10000,500,00:02:14.818161,00:02:44.563336,1.87,2.29,81.92,00:21:40.667920,00:59:16.316469,18.06,49.39,36.57,20.28,0.06,0.007361,13,232,5.60
BP16PAA2,01/11/2016,18:00:00,20:00:00,00:19:48.583857,00:00:02.761048,10000,500,00:01:18.672682,00:01:35.102237,1.09,1.32,82.72,00:18:14.533965,00:43:49.023901,15.20,36.51,41.63,16.51,0.04,0.009879,11,232,4.74
BP16PAA2,01/11/2016,20:00:00,22:00:00,00:19:53.353343,00:00:02.226637,10000,500,00:00:58.998973,00:01:16.181278,0.82,1.06,77.45,00:18:42.108224,00:48:20.063792,15.58,40.28,38.69,16.57,0.03,0.012687,9,232,3.88
BP16PAA6,01/11/2016,06:00:00,08:00:00,00:01:19.191572,00:00:00.369584,10000,500,00:00:09.391553,00:00:11.233276,0.13,0.16,83.60,00:01:07.933326,00:03:23.218560,0.94,2.82,33.43,1.10,0.01,0.005818,6,232,2.59
BP16PAA6,01/11/2016,08:00:00,10:00:00,00:12:43.716307,00:00:02.634586,10000,500,00:01:24.113212,00:01:41.414245,1.17,1.41,82.94,00:11:02.994564,00:33:52.715498,9.21,28.23,32.62,10.61,0.04,0.005605,9,232,3.88
BP16PAA6,01/11/2016,10:00:00,12:00:00,00:23:50.074677,00:00:04.605153,10000,500,00:02:21.774698,00:02:51.035213,1.97,2.38,82.89,00:21:00.204592,01:10:45.321370,17.50,58.96,29.68,19.86,0.06,0.006270,14,232,6.03
BP16PAA6,01/11/2016,12:00:00,14:00:00,00:20:31.785143,00:00:03.762569,10000,500,00:01:50.352970,00:02:13.521214,1.53,1.85,82.65,00:18:19.407840,00:51:25.661029,15.27,42.86,35.63,17.11,0.05,0.006771,15,232,6.47
BP16PAA6,01/11/2016,14:00:00,16:00:00,00:22:02.101513,00:00:04.192409,10000,500,00:02:17.732792,00:02:45.032392,1.91,2.29,83.46,00:19:17.110869,00:57:36.096633,16.07,48.00,33.48,18.36,0.06,0.005983,15,232,6.47
BP16PAA6,01/11/2016,16:00:00,18:00:00,00:24:18.853028,00:00:03.956642,10000,500,00:02:13.162907,00:02:44.030156,1.85,2.28,81.18,00:21:40.728534,00:58:44.421479,18.07,48.95,36.91,20.26,0.05,0.007464,12,232,5.17
BP16PAA6,01/11/2016,18:00:00,20:00:00,00:19:57.367591,00:00:02.731637,10000,500,00:01:18.703522,00:01:35.400211,1.09,1.33,82.50,00:18:23.122531,00:42:37.665521,15.32,35.52,43.13,16.63,0.04,0.009886,11,232,4.74
BP16PAA6,01/11/2016,20:00:00,22:00:00,00:19:47.862318,00:00:02.208776,10000,500,00:00:58.596638,00:01:15.973692,0.81,1.06,77.13,00:18:36.995266,00:47:55.018769,15.51,39.93,38.85,16.50,0.03,0.012613,9,232,3.88
BP17PAAC,01/11/2016,06:00:00,08:00:00,00:01:16.636934,00:00:00.339545,10000,500,00:00:08.917085,00:00:10.840868,0.12,0.15,82.25,00:01:05.946859,00:03:22.703349,0.92,2.82,32.53,1.06,0.00,0.005652,6,232,2.59
BP17PAAC,01/11/2016,08:00:00,10:00:00,00:12:22.173382,00:00:02.528779,10000,500,00:01:22.187168,00:01:39.793988,1.14,1.39,82.36,00:10:43.889284,00:39:51.364423,8.94,33.21,26.93,10.31,0.04,0.005444,16,232,6.90
BP17PAAC,01/11/2016,10:00:00,12:00:00,00:23:22.010692,00:00:04.463446,10000,500,00:02:18.814746,00:02:47.853888,1.93,2.33,82.70,00:20:32.136185,01:04:38.372199,17.11,53.87,31.77,19.47,0.06,0.006137,11,232,4.74
BP17PAAC,01/11/2016,12:00:00,14:00:00,00:20:14.309153,00:00:03.729607,10000,500,00:01:48.716605,00:02:12.376614,1.51,1.84,82.13,00:18:04.077080,00:51:46.526254,15.06,43.15,34.90,16.87,0.05,0.006675,12,232,5.17
BP17PAAC,01/11/2016,14:00:00,16:00:00,00:22:03.018859,00:00:04.150920,10000,500,00:02:16.740483,00:02:43.928564,1.90,2.28,83.41,00:19:19.772269,00:58:23.382675,16.11,48.66,33.10,18.38,0.06,0.006018,16,232,6.90
BP17PAAC,01/11/2016,16:00:00,18:00:00,00:23:36.700534,00:00:03.888629,10000,500,00:02:12.547597,00:02:42.386720,1.84,2.26,81.62,00:20:59.889015,00:59:21.781600,17.50,49.47,35.37,19.68,0.05,0.007201,12,232,5.17
BP17PAAC,01/11/2016,18:00:00,20:00:00,00:19:36.142617,00:00:02.726209,10000,500,00:01:18.761957,00:01:36.119427,1.09,1.33,81.94,00:18:01.845718,00:44:10.617975,15.03,36.81,40.81,16.34,0.04,0.009822,12,232,5.17
BP17PAAC,01/11/2016,20:00:00,22:00:00,00:19:21.776792,00:00:02.194991,10000,500,00:00:59.365927,00:01:18.939065,0.82,1.10,75.20,00:18:09.741866,00:49:34.579464,15.14,41.31,36.64,16.14,0.03,0.012285,10,232,4.31
BP17PAAG,01/11/2016,06:00:00,08:00:00,00:01:20.791497,00:00:00.375550,10000,500,00:00:09.217409,00:00:11.190790,0.13,0.16,82.37,00:01:09.723112,00:03:34.574931,0.97,2.98,32.49,1.12,0.01,0.005682,5,232,2.16
BP17PAAG,01/11/2016,08:00:00,10:00:00,00:12:41.774502,00:00:02.546202,10000,500,00:01:22.095077,00:01:39.559970,1.14,1.38,82.46,00:11:03.638937,00:33:08.358801,9.22,27.62,33.38,10.58,0.04,0.005620,10,232,4.31
BP17PAAG,01/11/2016,10:00:00,12:00:00,00:23:12.272245,00:00:04.337501,10000,500,00:02:19.360927,00:02:46.687080,1.94,2.32,83.61,00:20:24.033486,00:59:48.650866,17.00,49.84,34.11,19.34,0.06,0.006091,11,232,4.74
BP17PAAG,01/11/2016,12:00:00,14:00:00,00:20:36.559215,00:00:03.650211,10000,500,00:01:47.589938,00:02:11.079081,1.49,1.82,82.08,00:18:27.642632,00:47:29.357275,15.38,39.57,38.87,17.17,0.05,0.006827,10,232,4.31
BP17PAAG,01/11/2016,14:00:00,16:00:00,00:21:54.035461,00:00:04.053464,10000,500,00:02:15.555242,00:02:42.849254,1.88,2.26,83.24,00:19:12.238878,00:55:17.962796,16.00,46.08,34.73,18.25,0.06,0.005984,12,232,5.17
BP17PAAG,01/11/2016,16:00:00,18:00:00,00:24:01.300789,00:00:03.946217,10000,500,00:02:11.786397,00:02:41.484111,1.83,2.24,81.61,00:21:24.914086,00:56:36.344781,17.85,47.17,37.83,20.02,0.05,0.007281,10,232,4.31
BP17PAAG,01/11/2016,18:00:00,20:00:00,00:19:55.526233,00:00:02.695519,10000,500,00:01:19.535692,00:01:36.606980,1.10,1.34,82.33,00:18:20.366854,00:41:47.399575,15.28,34.82,43.88,16.60,0.04,0.009835,9,232,3.88
BP17PAAG,01/11/2016,20:00:00,22:00:00,00:19:31.940330,00:00:02.118832,10000,500,00:00:59.056708,00:01:18.644908,0.82,1.09,75.09,00:18:20.328936,00:50:32.119813,15.28,42.11,36.29,16.28,0.03,0.012420,9,232,3.88
BP17PAA3,01/11/2016,06:00:00,08:00:00,00:01:17.943994,00:00:00.347887,10000,500,00:00:09.138088,00:00:11.061522,0.13,0.15,82.61,00:01:06.953668,00:03:24.991764,0.93,2.85,32.66,1.08,0.00,0.005600,6,232,2.59
BP17PAA3,01/11/2016,08:00:00,10:00:00,00:12:48.325476,00:00:02.610429,10000,500,00:01:22.173117,00:01:39.680704,1.14,1.38,82.44,00:11:09.969298,00:32:56.001206,9.31,27.44,33.91,10.67,0.04,0.005661,9,232,3.88
BP17PAA3,01/11/2016,10:00:00,12:00:00,00:23:10.322582,00:00:04.451910,10000,500,00:02:20.103943,00:02:47.916430,1.95,2.33,83.44,00:20:22.719554,01:03:35.607449,16.98,52.99,32.05,19.31,0.06,0.006078,13,232,5.60
BP17PAA3,01/11/2016,12:00:00,14:00:00,00:20:05.063107,00:00:03.902360,10000,500,00:01:47.667861,00:02:10.973525,1.50,1.82,82.21,00:17:55.962158,00:48:35.366089,14.94,40.49,36.91,16.74,0.05,0.006704,11,232,4.74
BP17PAA3,01/11/2016,14:00:00,16:00:00,00:21:49.244022,00:00:04.103644,10000,500,00:02:15.833243,00:02:42.688849,1.89,2.26,83.49,00:19:06.867536,00:59:11.581118,15.93,49.33,32.29,18.18,0.06,0.005961,13,232,5.60
BP17PAA3,01/11/2016,16:00:00,18:00:00,00:23:19.094787,00:00:03.881210,10000,500,00:02:12.415071,00:02:41.736135,1.84,2.25,81.87,00:20:41.904681,00:52:39.462082,17.25,43.88,39.31,19.43,0.05,0.007101,10,232,4.31
BP17PAA3,01/11/2016,18:00:00,20:00:00,00:20:07.221208,00:00:02.668729,10000,500,00:01:19.654841,00:01:37.528031,1.11,1.35,81.67,00:18:31.879205,00:43:18.583665,15.44,36.09,42.79,16.77,0.04,0.010023,10,232,4.31
BP17PAA3,01/11/2016,20:00:00,22:00:00,00:18:44.517521,00:00:02.159937,10000,500,00:00:58.968032,00:01:17.849507,0.82,1.08,75.75,00:17:32.972022,00:56:30.335953,14.62,47.09,31.06,15.62,0.03,0.011959,10,232,4.31
BP17PAA7,01/11/2016,06:00:00,08:00:00,00:01:17.935934,00:00:00.349982,10000,500,00:00:08.990672,00:00:10.822063,0.12,0.15,83.08,00:01:07.123350,00:03:20.566444,0.93,2.79,33.47,1.08,0.00,0.005732,6,232,2.59
BP17PAA7,01/11/2016,08:00:00,10:00:00,00:12:34.264819,00:00:02.590860,10000,500,00:01:22.611669,00:01:40.044395,1.15,1.39,82.58,00:10:55.592941,00:32:52.127036,9.11,27.39,33.24,10.48,0.04,0.005534,9,232,3.88
BP17PAA7,01/11/2016,10:00:00,12:00:00,00:23:10.018947,00:00:04.409223,10000,500,00:02:18.338649,00:02:45.760700,1.92,2.30,83.46,00:20:24.417803,00:57:45.701817,17.01,48.13,35.33,19.31,0.06,0.006062,13,232,5.60
BP17PAA7,01/11/2016,12:00:00,14:00:00,00:20:19.493430,00:00:03.628117,10000,500,00:01:47.773376,00:02:10.856358,1.50,1.82,82.36,00:18:10.506211,00:51:24.820133,15.15,42.84,35.35,16.94,0.05,0.006755,16,232,6.90
BP17PAA7,01/11/2016,14:00:00,16:00:00,00:21:46.737083,00:00:04.187682,10000,500,00:02:15.008737,00:02:41.885012,1.88,2.25,83.40,00:19:05.496557,01:01:11.519124,15.91,50.99,31.20,18.15,0.06,0.005973,14,232,6.03
BP17PAA7,01/11/2016,16:00:00,18:00:00,00:24:12.949465,00:00:03.910041,10000,500,00:02:11.890868,00:02:41.879660,1.83,2.25,81.47,00:21:36.686285,00:57:09.985651,18.01,47.64,37.80,20.18,0.05,0.007383,12,232,5.17
BP17PAA7,01/11/2016,18:00:00,20:00:00,00:20:48.918356,00:00:02.712671,10000,500,00:01:19.832645,00:01:37.138165,1.11,1.35,82.18,00:19:13.541952,00:43:13.863647,16.02,36.03,44.47,17.35,0.04,0.010356,9,232,3.88
BP17PAA7,01/11/2016,20:00:00,22:00:00,00:19:29.131132,00:00:02.171259,10000,500,00:00:58.847746,00:01:18.470849,0.82,1.09,74.99,00:18:17.803462,00:48:47.934190,15.25,40.67,37.49,16.24,0.03,0.012441,9,232,3.88
BP18PAAD,01/11/2016,06:00:00,08:00:00,00:01:17.430812,00:00:00.355929,10000,500,00:00:09.053055,00:00:10.939985,0.13,0.15,82.75,00:01:06.539551,00:03:31.149366,0.92,2.93,31.51,1.08,0.00,0.005486,7,232,3.02
BP18PAAD,01/11/2016,08:00:00,10:00:00,00:12:48.725845,00:00:02.608722,10000,500,00:01:23.374315,00:01:40.934252,1.16,1.40,82.60,00:11:09.344446,00:36:04.226606,9.30,30.06,30.93,10.68,0.04,0.005645,10,232,4.31
BP18PAAD,01/11/2016,10:00:00,12:00:00,00:23:10.439997,00:00:04.593074,10000,500,00:02:21.548609,00:02:49.316194,1.97,2.35,83.60,00:20:21.825974,01:09:45.424250,16.97,58.13,29.19,19.31,0.06,0.006084,13,232,5.60
BP18PAAD,01/11/2016,12:00:00,14:00:00,00:20:02.925172,00:00:03.617091,10000,500,00:01:47.894207,00:02:11.687439,1.50,1.83,81.93,00:17:53.923268,00:49:12.225081,14.92,41.00,36.38,16.71,0.05,0.006637,11,232,4.74
BP18PAAD,01/11/2016,14:00:00,16:00:00,00:21:34.002204,00:00:04.070601,10000,500,00:02:16.528187,00:02:43.648645,1.90,2.27,83.43,00:18:51.259394,00:53:39.129729,15.71,44.71,35.14,17.97,0.06,0.005908,11,232,4.74
BP18PAAD,01/11/2016,16:00:00,18:00:00,00:23:11.030686,00:00:03.887253,10000,500,00:02:11.747924,00:02:36.714979,1.83,2.18,84.07,00:20:35.034456,00:56:26.625187,17.15,47.04,36.47,19.32,0.05,0.007044,11,232,4.74
BP18PAAD,01/11/2016,18:00:00,20:00:00,00:19:53.327342,00:00:02.646637,10000,500,00:01:18.838717,00:01:36.998060,1.09,1.35,81.28,00:18:18.981812,00:41:57.479635,15.26,34.96,43.65,16.57,0.04,0.009857,11,232,4.74
BP18PAAD,01/11/2016,20:00:00,22:00:00,00:18:15.793284,00:00:02.138057,10000,500,00:00:58.308564,00:01:15.070386,0.81,1.04,77.67,00:17:04.812927,00:48:24.458271,14.23,40.34,35.28,15.22,0.03,0.011665,9,232,3.88
BP18PAAH,01/11/2016,06:00:00,08:00:00,00:01:17.087075,00:00:00.344680,10000,500,00:00:08.722614,00:00:10.696239,0.12,0.15,81.55,00:01:06.601162,00:03:31.584236,0.93,2.94,31.48,1.07,0.00,0.005643,6,232,2.59
BP18PAAH,01/11/2016,08:00:00,10:00:00,00:12:53.244427,00:00:02.542823,10000,500,00:01:22.608134,00:01:40.340633,1.15,1.39,82.33,00:11:14.488787,00:34:37.174317,9.37,28.85,32.47,10.74,0.04,0.005678,10,232,4.31
BP18PAAH,01/11/2016,10:00:00,12:00:00,00:23:18.850930,00:00:04.393626,10000,500,00:02:19.350514,00:02:46.873833,1.94,2.32,83.51,00:20:29.805129,01:02:35.012830,17.08,52.15,32.75,19.43,0.06,0.006098,12,232,5.17
BP18PAAH,01/11/2016,12:00:00,14:00:00,00:19:45.098077,00:00:03.623351,10000,500,00:01:47.116347,00:02:10.752759,1.49,1.82,81.92,00:17:36.888664,00:51:11.022621,14.68,42.65,34.41,16.46,0.05,0.006573,14,232,6.03
BP18PAAH,01/11/2016,14:00:00,16:00:00,00:21:52.564970,00:00:04.146593,10000,500,00:02:15.887369,00:02:43.142087,1.89,2.27,83.29,00:19:10.175856,00:53:00.284536,15.97,44.17,36.17,18.23,0.06,0.005940,12,232,5.17
BP18PAAH,01/11/2016,16:00:00,18:00:00,00:23:56.335461,00:00:03.768082,10000,500,00:02:11.469957,00:02:36.986635,1.83,2.18,83.75,00:21:20.622807,00:53:10.885088,17.79,44.32,40.13,19.95,0.05,0.007314,11,232,4.74
BP18PAAH,01/11/2016,18:00:00,20:00:00,00:20:07.435706,00:00:02.679297,10000,500,00:01:19.444405,00:01:37.670444,1.10,1.36,81.34,00:18:32.550197,00:43:12.690543,15.45,36.01,42.91,16.77,0.04,0.010050,9,232,3.88
BP18PAAH,01/11/2016,20:00:00,22:00:00,00:19:53.076948,00:00:02.145923,10000,500,00:00:58.480969,00:01:15.639485,0.81,1.05,77.32,00:18:42.265999,00:48:05.195932,15.59,40.07,38.90,16.57,0.03,0.012716,10,232,4.31
BP18PAA4,01/11/2016,06:00:00,08:00:00,00:01:16.562924,00:00:00.340246,10000,500,00:00:08.884434,00:00:10.769830,0.12,0.15,82.49,00:01:05.874458,00:03:27.096879,0.91,2.88,31.81,1.06,0.00,0.005517,6,232,2.59
BP18PAA4,01/11/2016,08:00:00,10:00:00,00:12:56.593111,00:00:02.579678,10000,500,00:01:22.830341,00:01:40.429458,1.15,1.39,82.48,00:11:17.494133,00:34:14.424501,9.41,28.53,32.98,10.79,0.04,0.005711,10,232,4.31
BP18PAA4,01/11/2016,10:00:00,12:00:00,00:23:03.763301,00:00:04.557277,10000,500,00:02:18.807182,00:02:46.508992,1.93,2.31,83.36,00:20:17.853591,00:59:46.703141,16.91,49.82,33.95,19.22,0.06,0.006053,11,232,4.74
BP18PAA4,01/11/2016,12:00:00,14:00:00,00:19:55.776593,00:00:03.625622,10000,500,00:01:46.233614,00:02:09.407233,1.48,1.80,82.09,00:17:48.357235,00:51:17.876690,14.84,42.75,34.71,16.61,0.05,0.006654,15,232,6.47
BP18PAA4,01/11/2016,14:00:00,16:00:00,00:21:35.339989,00:00:04.062828,10000,500,00:02:14.669805,00:02:41.224664,1.87,2.24,83.53,00:18:54.539087,00:53:38.545022,15.76,44.70,35.25,17.99,0.06,0.005920,11,232,4.74
BP18PAA4,01/11/2016,16:00:00,18:00:00,00:23:01.698800,00:00:03.963469,10000,500,00:02:11.815012,00:02:37.075556,1.83,2.18,83.92,00:20:25.475142,00:51:51.687340,17.02,43.22,39.38,19.19,0.06,0.006993,17,232,7.33
BP18PAA4,01/11/2016,18:00:00,20:00:00,00:19:45.188137,00:00:02.632671,10000,500,00:01:19.761999,00:01:37.898082,1.11,1.36,81.47,00:18:09.955477,00:41:58.392202,15.14,34.98,43.28,16.46,0.04,0.009859,13,232,5.60
BP18PAA4,01/11/2016,20:00:00,22:00:00,00:19:15.030169,00:00:02.158840,10000,500,00:00:58.628770,00:01:15.193669,0.81,1.04,77.97,00:18:03.852026,00:47:09.347081,15.05,39.30,38.31,16.04,0.03,0.012219,8,232,3.45
BP18PAA8,01/11/2016,06:00:00,08:00:00,00:01:16.311434,00:00:00.334227,10000,500,00:00:08.753023,00:00:10.652876,0.12,0.15,82.17,00:01:05.785676,00:03:26.803266,0.91,2.87,31.81,1.06,0.00,0.005601,6,232,2.59
BP18PAA8,01/11/2016,08:00:00,10:00:00,00:12:51.512390,00:00:02.552253,10000,500,00:01:22.581736,00:01:39.906271,1.15,1.39,82.66,00:11:12.917137,00:36:50.466445,9.35,30.70,30.44,10.72,0.04,0.005680,12,232,5.17
BP18PAA8,01/11/2016,10:00:00,12:00:00,00:23:05.174027,00:00:04.497837,10000,500,00:02:20.208463,00:02:47.852308,1.95,2.33,83.53,00:20:17.753166,01:07:55.433412,16.91,56.60,29.88,19.24,0.06,0.006060,15,232,6.47
BP18PAA8,01/11/2016,12:00:00,14:00:00,00:19:52.293091,00:00:03.619275,10000,500,00:01:47.571625,00:02:10.933373,1.49,1.82,82.16,00:17:43.689491,00:50:57.408066,14.77,42.46,34.79,16.56,0.05,0.006623,14,232,6.03
BP18PAA8,01/11/2016,14:00:00,16:00:00,00:21:44.775443,00:00:04.151885,10000,500,00:02:15.379495,00:02:41.966162,1.88,2.25,83.59,00:19:03.318873,00:54:26.454711,15.88,45.37,35.00,18.12,0.06,0.005949,12,232,5.17
BP18PAA8,01/11/2016,16:00:00,18:00:00,00:24:17.824240,00:00:03.858748,10000,500,00:02:11.019877,00:02:37.313656,1.82,2.18,83.29,00:21:42.383831,00:54:57.880720,18.09,45.80,39.49,20.25,0.05,0.007396,10,232,4.31
BP18PAA8,01/11/2016,18:00:00,20:00:00,00:20:33.984273,00:00:02.614769,10000,500,00:01:19.416016,00:01:37.796324,1.10,1.36,81.21,00:18:59.211502,00:43:11.392593,15.82,35.99,43.96,17.14,0.04,0.010232,9,232,3.88
BP18PAA8,01/11/2016,20:00:00,22:00:00,00:20:00.091630,00:00:02.170635,10000,500,00:00:58.344998,00:01:15.204128,0.81,1.04,77.58,00:18:48.339240,00:48:45.852539,15.67,40.64,38.56,16.67,0.03,0.012684,8,232,3.45
