Applid,Date,ResTime,ColTime,STGPROT,TRANISO,REENTPG,DSALIM,PeakDSA,EDSALIM,PeakEDSA,MEMLIMIT,CDSASize,UDSASize,SDSASize,RDSASize,ECDSASize,EUDSASize,ESDSASize,ERDSASize,ETDSASize,DSARatio%,EDSARatio%,CDSAHWM,UDSAHWM,SDSAHWM,RDSAHWM,DSASOSTms,DSASTGVIOLTms,ECDSAHWM,EUDSAHWM,ESDSAHWM,ERDSAHWM,ETDSAHWM,EDSASOSTms,EDSASTGVIOLTms,CDSAFragRatio%, UDSAFragRatio%, SDSAFragRatio%, RDSAFragRatio%, ECDSAFragRatio%, EUDSAFragRatio%, ESDSAFragRatio%, ERDSAFragRatio%, DSAHWMRatio%, EDSAHWMRatio%,GDSASOSTms, GDSASTGVIOLTms
AP15POA1,01/11/2016,06:00:00,08:00:00,ACTIVE,INACTIVE,PROTECT,6291456,1048576,694157312,300941312,NOLIMIT,262144,262144,262144,262144,206569472,11534336,24117248,57671680,1048576,16.67,43.35,221184,16384,4096,237568,0,0,165347328,6946816,23814144,56487936,0,0,0,1.00,1.00,1.00,0.67,0.38,0.39,0.80,0.81,7.62,36.39,0,0
AP15POA1,01/11/2016,08:00:00,10:00:00,ACTIVE,INACTIVE,PROTECT,6291456,1048576,694157312,300941312,NOLIMIT,262144,262144,262144,262144,206569472,11534336,24117248,57671680,1048576,16.67,43.35,229376,40960,4096,237568,0,0,165511168,9175040,23851008,56487936,0,0,0,1.00,1.00,1.00,0.67,0.38,0.39,0.77,0.81,8.14,36.74,0,0
AP15POA1,01/11/2016,10:00:00,12:00:00,ACTIVE,INACTIVE,PROTECT,6291456,1048576,694157312,301989888,NOLIMIT,262144,262144,262144,262144,206569472,11534336,25165824,57671680,1048576,16.67,43.50,237568,57344,4096,237568,0,0,165613568,9830400,24256512,56758272,0,0,0,1.00,1.00,1.00,0.67,0.38,0.39,0.92,0.76,8.53,36.95,0,0
AP15POA1,01/11/2016,12:00:00,14:00:00,ACTIVE,INACTIVE,PROTECT,6291456,1048576,694157312,301989888,NOLIMIT,262144,262144,262144,262144,206569472,11534336,25165824,57671680,1048576,16.67,43.50,233472,45056,4096,237568,0,0,165588992,9109504,24502272,56807424,0,0,0,1.00,1.00,1.00,0.67,0.38,0.39,0.90,0.74,8.27,36.88,0,0
AP15POA1,01/11/2016,14:00:00,16:00:00,ACTIVE,INACTIVE,PROTECT,6291456,1048576,694157312,301989888,NOLIMIT,262144,262144,262144,262144,206569472,11534336,25165824,57671680,1048576,16.67,43.50,233472,49152,4096,237568,0,0,182198272,9437184,24854528,57065472,0,0,0,1.00,1.00,1.00,0.67,0.38,0.43,0.78,0.64,8.33,39.41,0,0
AP15POA1,01/11/2016,16:00:00,18:00:00,ACTIVE,INACTIVE,PROTECT,6291456,1048576,694157312,303038464,NOLIMIT,262144,262144,262144,262144,206569472,11534336,26214400,57671680,1048576,16.67,43.66,229376,49152,4096,237568,0,0,165601280,10944512,25341952,57274368,0,0,0,1.00,1.00,1.00,0.67,0.38,0.39,0.90,0.44,8.27,37.33,0,0
AP15POA1,01/11/2016,18:00:00,20:00:00,ACTIVE,INACTIVE,PROTECT,6291456,1048576,694157312,304087040,NOLIMIT,262144,262144,262144,262144,206569472,11534336,26214400,58720256,1048576,16.67,43.81,229376,28672,4096,237568,0,0,165502976,9371648,25751552,57643008,0,0,0,1.00,1.00,1.00,0.67,0.38,0.39,0.85,0.78,7.94,37.21,0,0
AP15POA1,01/11/2016,20:00:00,22:00:00,ACTIVE,INACTIVE,PROTECT,6291456,1048576,694157312,304087040,NOLIMIT,262144,262144,262144,262144,206569472,11534336,26214400,58720256,1048576,16.67,43.81,225280,24576,4096,237568,0,0,165363712,7143424,25894912,57643008,0,0,0,1.00,1.00,1.00,0.67,0.38,0.39,0.83,0.78,7.81,36.89,0,0
AP15POA3,01/11/2016,06:00:00,08:00:00,ACTIVE,INACTIVE,PROTECT,6291456,1048576,694157312,300941312,NOLIMIT,262144,262144,262144,262144,206569472,11534336,25165824,56623104,1048576,16.67,43.35,221184,16384,4096,237568,0,0,165347328,6750208,24502272,56254464,0,0,0,1.00,1.00,1.00,0.67,0.38,0.39,0.87,0.57,7.62,36.43,0,0
AP15POA3,01/11/2016,08:00:00,10:00:00,ACTIVE,INACTIVE,PROTECT,6291456,1048576,694157312,300941312,NOLIMIT,262144,262144,262144,262144,206569472,11534336,25165824,56623104,1048576,16.67,43.35,229376,45056,4096,237568,0,0,165576704,9568256,24567808,56291328,0,0,0,1.00,1.00,1.00,0.67,0.38,0.39,0.86,0.52,8.20,36.88,0,0
AP15POA3,01/11/2016,10:00:00,12:00:00,ACTIVE,INACTIVE,PROTECT,6291456,1048576,694157312,300941312,NOLIMIT,262144,262144,262144,262144,206569472,11534336,25165824,56623104,1048576,16.67,43.35,237568,61440,4096,237568,0,0,165613568,11468800,24829952,56406016,0,0,0,1.00,1.00,1.00,0.67,0.38,0.42,0.74,0.26,8.59,37.21,0,0
AP15POA3,01/11/2016,12:00:00,14:00:00,ACTIVE,INACTIVE,PROTECT,6291456,1048576,694157312,303038464,NOLIMIT,262144,262144,262144,262144,206569472,11534336,26214400,57671680,1048576,16.67,43.66,233472,53248,4096,237568,0,0,165588992,9830400,25108480,56778752,0,0,0,1.00,1.00,1.00,0.67,0.38,0.39,0.92,0.81,8.40,37.07,0,0
AP15POA3,01/11/2016,14:00:00,16:00:00,ACTIVE,INACTIVE,PROTECT,6291456,1048576,694157312,308281344,NOLIMIT,262144,262144,262144,262144,206569472,16777216,26214400,57671680,1048576,16.67,44.41,233472,49152,4096,237568,0,0,182194176,12779520,25141248,56872960,0,0,0,1.00,1.00,1.00,0.67,0.38,0.26,0.92,0.79,8.33,39.90,0,0
AP15POA3,01/11/2016,16:00:00,18:00:00,ACTIVE,INACTIVE,PROTECT,6291456,1048576,694157312,308281344,NOLIMIT,262144,262144,262144,262144,206569472,16777216,26214400,57671680,1048576,16.67,44.41,229376,40960,4096,237568,0,0,165572608,10158080,25509888,57204736,0,0,0,1.00,1.00,1.00,0.67,0.38,0.26,0.90,0.64,8.14,37.23,0,0
AP15POA3,01/11/2016,18:00:00,20:00:00,ACTIVE,INACTIVE,PROTECT,6291456,1048576,694157312,308281344,NOLIMIT,262144,262144,262144,262144,206569472,16777216,26214400,57671680,1048576,16.67,44.41,229376,28672,4096,237568,0,0,165552128,9175040,25575424,57294848,0,0,0,1.00,1.00,1.00,0.67,0.38,0.26,0.88,0.55,7.94,37.11,0,0
AP15POA3,01/11/2016,20:00:00,22:00:00,ACTIVE,INACTIVE,PROTECT,6291456,1048576,694157312,308281344,NOLIMIT,262144,262144,262144,262144,206569472,16777216,26214400,57671680,1048576,16.67,44.41,225280,24576,4096,237568,0,0,165396480,7864320,25575424,57294848,0,0,0,1.00,1.00,1.00,0.67,0.38,0.26,0.88,0.55,7.81,36.90,0,0
AP16POA2,01/11/2016,06:00:00,08:00:00,ACTIVE,INACTIVE,PROTECT,6291456,1048576,694157312,300941312,NOLIMIT,262144,262144,262144,262144,206569472,11534336,25165824,56623104,1048576,16.67,43.35,221184,16384,4096,237568,0,0,165294080,6750208,24084480,55984128,0,0,0,1.00,1.00,1.00,0.67,0.38,0.39,0.89,0.64,7.62,36.32,0,0
AP16POA2,01/11/2016,08:00:00,10:00:00,ACTIVE,INACTIVE,PROTECT,6291456,1048576,694157312,300941312,NOLIMIT,262144,262144,262144,262144,206569472,11534336,25165824,56623104,1048576,16.67,43.35,229376,45056,4096,237568,0,0,165482496,8781824,24190976,56020992,0,0,0,1.00,1.00,1.00,0.67,0.38,0.39,0.91,0.62,8.20,36.66,0,0
AP16POA2,01/11/2016,10:00:00,12:00:00,ACTIVE,INACTIVE,PROTECT,6291456,1048576,694157312,300941312,NOLIMIT,262144,262144,262144,262144,206569472,11534336,25165824,56623104,1048576,16.67,43.35,237568,65536,4096,237568,0,0,165654528,11075584,24567808,56135680,0,0,0,1.00,1.00,1.00,0.67,0.38,0.39,0.85,0.53,8.66,37.09,0,0
AP16POA2,01/11/2016,12:00:00,14:00:00,ACTIVE,INACTIVE,PROTECT,6291456,1048576,694157312,301989888,NOLIMIT,262144,262144,262144,262144,206569472,11534336,25165824,57671680,1048576,16.67,43.50,229376,40960,4096,237568,0,0,165527552,9109504,24780800,56745984,0,0,0,1.00,1.00,1.00,0.67,0.38,0.45,0.77,0.75,8.14,36.90,0,0
AP16POA2,01/11/2016,14:00:00,16:00:00,ACTIVE,INACTIVE,PROTECT,6291456,1048576,694157312,301989888,NOLIMIT,262144,262144,262144,262144,206569472,11534336,25165824,57671680,1048576,16.67,43.50,237568,45056,4096,237568,0,0,182140928,9175040,24952832,56922112,0,0,0,1.00,1.00,1.00,0.67,0.38,0.39,0.58,0.69,8.33,39.36,0,0
AP16POA2,01/11/2016,16:00:00,18:00:00,ACTIVE,INACTIVE,PROTECT,6291456,1048576,694157312,303038464,NOLIMIT,262144,262144,262144,262144,206569472,11534336,26214400,57671680,1048576,16.67,43.66,233472,49152,4096,237568,0,0,165539840,8912896,25284608,57135104,0,0,0,1.00,1.00,1.00,0.67,0.38,0.39,0.89,0.57,8.33,37.00,0,0
AP16POA2,01/11/2016,18:00:00,20:00:00,ACTIVE,INACTIVE,PROTECT,6291456,1048576,694157312,303038464,NOLIMIT,262144,262144,262144,262144,206569472,11534336,26214400,57671680,1048576,16.67,43.66,233472,49152,4096,237568,0,0,165482496,8650752,25346048,57135104,0,0,0,1.00,1.00,1.00,0.67,0.38,0.39,0.89,0.57,8.33,36.97,0,0
AP16POA2,01/11/2016,20:00:00,22:00:00,ACTIVE,INACTIVE,PROTECT,6291456,1048576,694157312,303038464,NOLIMIT,262144,262144,262144,262144,206569472,11534336,26214400,57671680,1048576,16.67,43.66,221184,16384,4096,237568,0,0,165380096,7929856,25346048,57135104,0,0,0,1.00,1.00,1.00,0.67,0.38,0.39,0.89,0.57,7.62,36.85,0,0
AP16POA4,01/11/2016,06:00:00,08:00:00,ACTIVE,INACTIVE,PROTECT,6291456,1048576,694157312,301989888,NOLIMIT,262144,262144,262144,262144,206569472,12582912,25165824,56623104,1048576,16.67,43.50,221184,16384,4096,237568,0,0,165330944,6750208,24297472,56311808,0,0,0,1.00,1.00,1.00,0.67,0.38,0.35,0.90,0.26,7.62,36.40,0,0
AP16POA4,01/11/2016,08:00:00,10:00:00,ACTIVE,INACTIVE,PROTECT,6291456,1048576,694157312,301989888,NOLIMIT,262144,262144,262144,262144,206569472,12582912,25165824,56623104,1048576,16.67,43.50,229376,45056,4096,237568,0,0,165556224,9764864,24674304,56348672,0,0,0,1.00,1.00,1.00,0.67,0.38,0.35,0.82,0.16,8.20,36.93,0,0
AP16POA4,01/11/2016,10:00:00,12:00:00,ACTIVE,INACTIVE,PROTECT,6291456,1048576,694157312,303038464,NOLIMIT,262144,262144,262144,262144,206569472,12582912,25165824,57671680,1048576,16.67,43.66,229376,40960,4096,237568,0,0,165593088,9371648,24875008,56430592,0,0,0,1.00,1.00,1.00,0.67,0.38,0.35,0.69,0.81,8.14,36.92,0,0
AP16POA4,01/11/2016,12:00:00,14:00:00,ACTIVE,INACTIVE,PROTECT,6291456,1048576,694157312,304087040,NOLIMIT,262144,262144,262144,262144,206569472,12582912,26214400,57671680,1048576,16.67,43.81,229376,45056,4096,237568,0,0,165572608,9175040,25214976,56725504,0,0,0,1.00,1.00,1.00,0.67,0.38,0.35,0.91,0.75,8.20,36.98,0,0
AP16POA4,01/11/2016,14:00:00,16:00:00,ACTIVE,INACTIVE,PROTECT,6291456,1048576,694157312,304087040,NOLIMIT,262144,262144,262144,262144,206569472,12582912,26214400,57671680,1048576,16.67,43.81,237568,53248,4096,237568,0,0,182312960,10485760,25350144,56913920,0,0,0,1.00,1.00,1.00,0.67,0.38,0.35,0.90,0.69,8.46,39.63,0,0
AP16POA4,01/11/2016,16:00:00,18:00:00,ACTIVE,INACTIVE,PROTECT,6291456,1048576,694157312,304087040,NOLIMIT,262144,262144,262144,262144,206569472,12582912,26214400,57671680,1048576,16.67,43.81,229376,45056,4096,237568,0,0,165556224,10289152,25649152,57061376,0,0,0,1.00,1.00,1.00,0.67,0.38,0.35,0.84,0.66,8.20,37.25,0,0
AP16POA4,01/11/2016,18:00:00,20:00:00,ACTIVE,INACTIVE,PROTECT,6291456,1048576,694157312,304087040,NOLIMIT,262144,262144,262144,262144,206569472,12582912,26214400,57671680,1048576,16.67,43.81,229376,28672,4096,237568,0,0,165548032,9371648,25845760,57233408,0,0,0,1.00,1.00,1.00,0.67,0.38,0.35,0.76,0.53,7.94,37.17,0,0
AP16POA4,01/11/2016,20:00:00,22:00:00,ACTIVE,INACTIVE,PROTECT,6291456,1048576,694157312,304087040,NOLIMIT,262144,262144,262144,262144,206569472,12582912,26214400,57671680,1048576,16.67,43.81,229376,40960,4096,237568,0,0,165511168,7995392,25952256,57233408,0,0,0,1.00,1.00,1.00,0.67,0.38,0.35,0.72,0.53,8.14,36.98,0,0
BP15PAAA,01/11/2016,06:00:00,08:00:00,ACTIVE,INACTIVE,PROTECT,5242880,1310720,1153433600,559939584,NOLIMIT,524288,262144,262144,262144,310378496,144703488,1048576,102760448,1048576,25.00,48.55,245760,32768,12288,237568,0,0,244998144,23461888,651264,101232640,0,0,0,0.90,0.97,1.00,0.67,0.35,0.06,1.00,0.10,10.08,32.11,0,0
BP15PAAA,01/11/2016,08:00:00,10:00:00,ACTIVE,INACTIVE,PROTECT,5242880,1310720,1153433600,564133888,NOLIMIT,524288,262144,262144,262144,310378496,144703488,1048576,106954752,1048576,25.00,48.91,266240,73728,12288,237568,0,0,255078400,65273856,655360,105566208,0,0,0,0.90,1.00,1.00,0.67,0.20,0.06,1.00,0.30,11.25,36.98,0,0
BP15PAAA,01/11/2016,10:00:00,12:00:00,ACTIVE,INACTIVE,PROTECT,5242880,1310720,1153433600,568328192,NOLIMIT,524288,262144,262144,262144,310378496,144703488,1048576,111149056,1048576,25.00,49.27,258048,61440,12288,237568,0,0,245489664,55705600,655360,109756416,0,0,0,0.89,1.00,1.00,0.67,0.20,0.06,1.00,0.28,10.86,35.69,0,0
BP15PAAA,01/11/2016,12:00:00,14:00:00,ACTIVE,INACTIVE,PROTECT,5242880,1310720,1153433600,570425344,NOLIMIT,524288,262144,262144,262144,310378496,144703488,1048576,113246208,1048576,25.00,49.45,262144,65536,12288,237568,0,0,245366784,47775744,655360,111747072,0,0,0,0.91,0.98,1.00,0.67,0.20,0.07,1.00,0.28,11.02,35.16,0,0
BP15PAAA,01/11/2016,14:00:00,16:00:00,ACTIVE,INACTIVE,PROTECT,5242880,1310720,1153433600,572522496,NOLIMIT,524288,262144,262144,262144,310378496,144703488,1048576,115343360,1048576,25.00,49.64,258048,73728,12288,237568,0,0,245514240,53673984,655360,113733632,0,0,0,0.90,1.00,1.00,0.67,0.20,0.06,1.00,0.32,11.09,35.86,0,0
BP15PAAA,01/11/2016,16:00:00,18:00:00,ACTIVE,INACTIVE,PROTECT,5242880,1310720,1153433600,574619648,NOLIMIT,524288,262144,262144,262144,310378496,144703488,1048576,117440512,1048576,25.00,49.82,270336,65536,12288,237568,0,0,254365696,58851328,655360,116158464,0,0,0,0.89,1.00,1.00,0.67,0.34,0.06,1.00,0.12,11.17,37.28,0,0
BP15PAAA,01/11/2016,18:00:00,20:00:00,ACTIVE,INACTIVE,PROTECT,5242880,1310720,1153433600,575668224,NOLIMIT,524288,262144,262144,262144,310378496,144703488,1048576,118489088,1048576,25.00,49.91,282624,53248,12288,237568,0,0,246394880,43712512,655360,116649984,0,0,0,0.94,1.00,1.00,0.67,0.34,0.06,1.00,0.39,11.17,35.32,0,0
BP15PAAA,01/11/2016,20:00:00,22:00:00,ACTIVE,INACTIVE,PROTECT,5242880,1310720,1153433600,575668224,NOLIMIT,524288,262144,262144,262144,310378496,144703488,1048576,118489088,1048576,25.00,49.91,266240,45056,12288,237568,0,0,264290304,57802752,655360,116649984,0,0,0,0.89,1.00,1.00,0.67,0.34,0.06,1.00,0.39,10.70,38.09,0,0
BP15PAAE,01/11/2016,06:00:00,08:00:00,ACTIVE,INACTIVE,PROTECT,5242880,1048576,1153433600,538968064,NOLIMIT,262144,262144,262144,262144,309329920,125829120,1048576,101711872,1048576,20.00,46.73,241664,32768,8192,237568,0,0,244895744,20578304,651264,99450880,0,0,0,0.67,0.98,1.00,0.67,0.35,0.07,1.00,0.21,9.92,31.69,0,0
BP15PAAE,01/11/2016,08:00:00,10:00:00,ACTIVE,INACTIVE,PROTECT,5242880,1048576,1153433600,543162368,NOLIMIT,262144,262144,262144,262144,309329920,125829120,1048576,105906176,1048576,20.00,47.09,245760,53248,8192,237568,0,0,254971904,55050240,655360,104722432,0,0,0,0.62,1.00,1.00,0.67,0.21,0.07,1.00,0.21,10.39,36.01,0,0
BP15PAAE,01/11/2016,10:00:00,12:00:00,ACTIVE,INACTIVE,PROTECT,5242880,1048576,1153433600,547356672,NOLIMIT,262144,262144,262144,262144,309329920,125829120,1048576,110100480,1048576,20.00,47.45,237568,57344,8192,237568,0,0,245256192,47382528,655360,108904448,0,0,0,0.62,1.00,1.00,0.67,0.21,0.07,1.00,0.16,10.31,34.87,0,0
BP15PAAE,01/11/2016,12:00:00,14:00:00,ACTIVE,INACTIVE,PROTECT,5242880,1048576,1153433600,549453824,NOLIMIT,262144,262144,262144,262144,309329920,125829120,1048576,112197632,1048576,20.00,47.64,233472,61440,8192,237568,0,0,245329920,45678592,655360,110252032,0,0,0,0.67,1.00,1.00,0.67,0.21,0.07,1.00,0.47,10.31,34.85,0,0
BP15PAAE,01/11/2016,14:00:00,16:00:00,ACTIVE,INACTIVE,PROTECT,5242880,1048576,1153433600,550502400,NOLIMIT,262144,262144,262144,262144,309329920,125829120,1048576,113246208,1048576,20.00,47.73,241664,73728,8192,237568,0,0,245534720,64552960,655360,111648768,0,0,0,0.67,1.00,1.00,0.67,0.21,0.07,1.00,0.35,10.70,36.62,0,0
BP15PAAE,01/11/2016,16:00:00,18:00:00,ACTIVE,INACTIVE,PROTECT,5242880,1048576,1153433600,552599552,NOLIMIT,262144,262144,262144,262144,309329920,125829120,1048576,115343360,1048576,20.00,47.91,245760,69632,8192,237568,0,0,254459904,58785792,655360,113451008,0,0,0,0.67,1.00,1.00,0.67,0.35,0.07,1.00,0.42,10.70,37.05,0,0
BP15PAAE,01/11/2016,18:00:00,20:00:00,ACTIVE,INACTIVE,PROTECT,5242880,1048576,1153433600,552599552,NOLIMIT,262144,262144,262144,262144,309329920,125829120,1048576,115343360,1048576,20.00,47.91,237568,61440,8192,237568,0,0,246243328,52166656,655360,114016256,0,0,0,0.67,1.00,1.00,0.67,0.35,0.07,1.00,0.17,10.39,35.81,0,0
BP15PAAE,01/11/2016,20:00:00,22:00:00,ACTIVE,INACTIVE,PROTECT,5242880,1048576,1153433600,552599552,NOLIMIT,262144,262144,262144,262144,309329920,125829120,1048576,115343360,1048576,20.00,47.91,241664,57344,8192,237568,0,0,264151040,52822016,655360,114081792,0,0,0,0.62,1.00,1.00,0.67,0.35,0.07,1.00,0.15,10.39,37.43,0,0
BP15PAA1,01/11/2016,06:00:00,08:00:00,ACTIVE,INACTIVE,PROTECT,5242880,1310720,1153433600,542113792,NOLIMIT,524288,262144,262144,262144,308281344,126877696,1048576,104857600,1048576,25.00,47.00,278528,32768,12288,237568,0,0,244867072,21299200,651264,102752256,0,0,0,0.98,0.97,1.00,0.67,0.36,0.05,1.00,0.12,10.70,32.04,0,0
BP15PAA1,01/11/2016,08:00:00,10:00:00,ACTIVE,INACTIVE,PROTECT,5242880,1310720,1153433600,546308096,NOLIMIT,524288,262144,262144,262144,308281344,126877696,1048576,109051904,1048576,25.00,47.36,290816,45056,12288,237568,0,0,254951424,38010880,655360,107544576,0,0,0,0.98,1.00,1.00,0.67,0.21,0.05,1.00,0.24,11.17,34.78,0,0
BP15PAA1,01/11/2016,10:00:00,12:00:00,ACTIVE,INACTIVE,PROTECT,5242880,1310720,1153433600,550502400,NOLIMIT,524288,262144,262144,262144,308281344,126877696,1048576,113246208,1048576,25.00,47.73,282624,61440,12288,237568,0,0,245673984,48431104,655360,111280128,0,0,0,0.98,1.00,1.00,0.67,0.21,0.05,1.00,0.49,11.33,35.20,0,0
BP15PAA1,01/11/2016,12:00:00,14:00:00,ACTIVE,INACTIVE,PROTECT,5242880,1310720,1153433600,550502400,NOLIMIT,524288,262144,262144,262144,308281344,126877696,1048576,113246208,1048576,25.00,47.73,286720,65536,12288,237568,0,0,245329920,53018624,655360,112222208,0,0,0,0.98,1.00,1.00,0.67,0.21,0.05,1.00,0.04,11.48,35.65,0,0
BP15PAA1,01/11/2016,14:00:00,16:00:00,ACTIVE,INACTIVE,PROTECT,5242880,1310720,1153433600,553648128,NOLIMIT,524288,262144,262144,262144,308281344,126877696,1048576,116391936,1048576,25.00,48.00,282624,57344,12288,237568,0,0,245301248,48496640,655360,114597888,0,0,0,0.98,1.00,1.00,0.67,0.21,0.05,1.00,0.42,11.25,35.46,0,0
BP15PAA1,01/11/2016,16:00:00,18:00:00,ACTIVE,INACTIVE,PROTECT,5242880,1310720,1153433600,554696704,NOLIMIT,524288,262144,262144,262144,308281344,126877696,1048576,117440512,1048576,25.00,48.09,290816,57344,12288,237568,0,0,254218240,48693248,655360,116289536,0,0,0,0.98,0.97,1.00,0.67,0.35,0.05,1.00,0.09,11.41,36.40,0,0
BP15PAA1,01/11/2016,18:00:00,20:00:00,ACTIVE,INACTIVE,PROTECT,5242880,1310720,1153433600,555745280,NOLIMIT,524288,262144,262144,262144,308281344,126877696,1048576,118489088,1048576,25.00,48.18,282624,53248,12288,237568,0,0,246243328,46923776,655360,116989952,0,0,0,0.97,1.00,1.00,0.67,0.35,0.05,1.00,0.29,11.17,35.62,0,0
BP15PAA1,01/11/2016,20:00:00,22:00:00,ACTIVE,INACTIVE,PROTECT,5242880,1310720,1153433600,555745280,NOLIMIT,524288,262144,262144,262144,308281344,126877696,1048576,118489088,1048576,25.00,48.18,282624,57344,12288,237568,0,0,264163328,45809664,651264,117174272,0,0,0,0.98,1.00,1.00,0.67,0.35,0.06,1.00,0.19,11.25,37.09,0,0
BP15PAA5,01/11/2016,06:00:00,08:00:00,ACTIVE,INACTIVE,PROTECT,5242880,1048576,1153433600,543162368,NOLIMIT,262144,262144,262144,262144,308281344,130023424,1048576,102760448,1048576,20.00,47.09,229376,32768,8192,237568,0,0,244850688,20316160,651264,101027840,0,0,0,0.58,0.98,1.00,0.67,0.36,0.05,1.00,0.17,9.69,31.80,0,0
BP15PAA5,01/11/2016,08:00:00,10:00:00,ACTIVE,INACTIVE,PROTECT,5242880,1048576,1153433600,555745280,NOLIMIT,262144,262144,262144,262144,308281344,138412032,1048576,106954752,1048576,20.00,48.18,241664,53248,8192,237568,0,0,254881792,45613056,655360,105013248,0,0,0,0.54,1.00,1.00,0.67,0.21,0.06,1.00,0.36,10.31,35.21,0,0
BP15PAA5,01/11/2016,10:00:00,12:00:00,ACTIVE,INACTIVE,PROTECT,5242880,1048576,1153433600,558891008,NOLIMIT,262144,262144,262144,262144,308281344,138412032,1048576,110100480,1048576,20.00,48.45,258048,110592,8192,237568,0,0,245592064,88604672,655360,107864064,0,0,0,0.58,1.00,1.00,0.67,0.21,0.06,1.00,0.42,11.72,38.38,0,0
BP15PAA5,01/11/2016,12:00:00,14:00:00,ACTIVE,INACTIVE,PROTECT,5242880,1048576,1153433600,559939584,NOLIMIT,262144,262144,262144,262144,308281344,138412032,1048576,111149056,1048576,20.00,48.55,237568,65536,8192,237568,0,0,245309440,58195968,655360,109232128,0,0,0,0.54,1.00,1.00,0.67,0.21,0.06,1.00,0.33,10.47,35.84,0,0
BP15PAA5,01/11/2016,14:00:00,16:00:00,ACTIVE,INACTIVE,PROTECT,5242880,1048576,1153433600,562036736,NOLIMIT,262144,262144,262144,262144,308281344,138412032,1048576,113246208,1048576,20.00,48.73,245760,65536,8192,237568,0,0,245477376,54198272,655360,111902720,0,0,0,0.54,1.00,1.00,0.67,0.21,0.06,1.00,0.03,10.62,35.74,0,0
BP15PAA5,01/11/2016,16:00:00,18:00:00,ACTIVE,INACTIVE,PROTECT,5242880,1048576,1153433600,564133888,NOLIMIT,262144,262144,262144,262144,308281344,138412032,1048576,115343360,1048576,20.00,48.91,249856,57344,8192,237568,0,0,254300160,51838976,655360,113844224,0,0,0,0.58,1.00,1.00,0.67,0.35,0.07,1.00,0.12,10.55,36.47,0,0
BP15PAA5,01/11/2016,18:00:00,20:00:00,ACTIVE,INACTIVE,PROTECT,5242880,1048576,1153433600,565182464,NOLIMIT,262144,262144,262144,262144,308281344,138412032,1048576,116391936,1048576,20.00,49.00,245760,53248,8192,237568,0,0,246239232,47579136,655360,114614272,0,0,0,0.58,0.94,1.00,0.67,0.35,0.06,1.00,0.24,10.39,35.47,0,0
BP15PAA5,01/11/2016,20:00:00,22:00:00,ACTIVE,INACTIVE,PROTECT,5242880,1048576,1153433600,565182464,NOLIMIT,262144,262144,262144,262144,308281344,138412032,1048576,116391936,1048576,20.00,49.00,241664,45056,8192,237568,0,0,264232960,44630016,655360,114614272,0,0,0,0.58,1.00,1.00,0.67,0.35,0.07,1.00,0.24,10.16,36.77,0,0
BP16PAAB,01/11/2016,06:00:00,08:00:00,ACTIVE,INACTIVE,PROTECT,5242880,1048576,1153433600,527433728,NOLIMIT,262144,262144,262144,262144,309329920,114294784,1048576,101711872,1048576,20.00,45.73,229376,32768,8192,237568,0,0,244862976,22740992,651264,99819520,0,0,0,0.92,0.98,1.00,0.67,0.35,0.06,1.00,0.11,9.69,31.91,0,0
BP16PAAB,01/11/2016,08:00:00,10:00:00,ACTIVE,INACTIVE,PROTECT,5242880,1048576,1153433600,531628032,NOLIMIT,262144,262144,262144,262144,309329920,114294784,1048576,105906176,1048576,20.00,46.09,241664,53248,8192,237568,0,0,254918656,40960000,655360,103944192,0,0,0,0.85,1.00,1.00,0.67,0.21,0.06,1.00,0.51,10.31,34.72,0,0
BP16PAAB,01/11/2016,10:00:00,12:00:00,ACTIVE,INACTIVE,PROTECT,5242880,1048576,1153433600,534773760,NOLIMIT,262144,262144,262144,262144,309329920,114294784,1048576,109051904,1048576,20.00,46.36,241664,57344,8192,237568,0,0,245153792,45547520,655360,107937792,0,0,0,0.85,1.00,1.00,0.67,0.21,0.06,1.00,0.13,10.39,34.62,0,0
BP16PAAB,01/11/2016,12:00:00,14:00:00,ACTIVE,INACTIVE,PROTECT,5242880,1048576,1153433600,535822336,NOLIMIT,262144,262144,262144,262144,309329920,114294784,1048576,110100480,1048576,20.00,46.45,233472,65536,8192,237568,0,0,245145600,54067200,655360,109121536,0,0,0,0.92,0.97,1.00,0.67,0.21,0.06,1.00,0.04,10.39,35.46,0,0
BP16PAAB,01/11/2016,14:00:00,16:00:00,ACTIVE,INACTIVE,PROTECT,5242880,1048576,1153433600,537919488,NOLIMIT,262144,262144,262144,262144,309329920,114294784,1048576,112197632,1048576,20.00,46.64,245760,86016,8192,237568,0,0,245465088,64159744,655360,111112192,0,0,0,0.92,0.93,1.00,0.67,0.21,0.06,1.00,0.07,11.02,36.53,0,0
BP16PAAB,01/11/2016,16:00:00,18:00:00,ACTIVE,INACTIVE,PROTECT,5242880,1048576,1153433600,540016640,NOLIMIT,262144,262144,262144,262144,309329920,114294784,1048576,114294784,1048576,20.00,46.82,245760,61440,8192,237568,0,0,254148608,46530560,655360,113029120,0,0,0,0.92,0.98,1.00,0.67,0.35,0.06,1.00,0.15,10.55,35.92,0,0
BP16PAAB,01/11/2016,18:00:00,20:00:00,ACTIVE,INACTIVE,PROTECT,5242880,1048576,1153433600,541065216,NOLIMIT,262144,262144,262144,262144,309329920,114294784,1048576,115343360,1048576,20.00,46.91,241664,53248,8192,237568,0,0,246218752,43057152,655360,113532928,0,0,0,0.85,1.00,1.00,0.67,0.35,0.06,1.00,0.40,10.31,34.98,0,0
BP16PAAB,01/11/2016,20:00:00,22:00:00,ACTIVE,INACTIVE,PROTECT,5242880,1048576,1153433600,541065216,NOLIMIT,262144,262144,262144,262144,309329920,114294784,1048576,115343360,1048576,20.00,46.91,241664,49152,8192,237568,0,0,264077312,43450368,655360,113532928,0,0,0,0.92,1.00,1.00,0.67,0.35,0.06,1.00,0.40,10.23,36.56,0,0
BP16PAAF,01/11/2016,06:00:00,08:00:00,ACTIVE,INACTIVE,PROTECT,5242880,1048576,1153433600,544210944,NOLIMIT,262144,262144,262144,262144,308281344,133169152,1048576,100663296,1048576,20.00,47.18,241664,32768,8192,237568,0,0,244989952,24903680,651264,98811904,0,0,0,0.83,1.00,1.00,0.67,0.36,0.05,1.00,0.09,9.92,32.02,0,0
BP16PAAF,01/11/2016,08:00:00,10:00:00,ACTIVE,INACTIVE,PROTECT,5242880,1048576,1153433600,548405248,NOLIMIT,262144,262144,262144,262144,308281344,133169152,1048576,104857600,1048576,20.00,47.55,241664,57344,8192,237568,0,0,255049728,50921472,655360,103239680,0,0,0,0.91,1.00,1.00,0.67,0.21,0.05,1.00,0.34,10.39,35.53,0,0
BP16PAAF,01/11/2016,10:00:00,12:00:00,ACTIVE,INACTIVE,PROTECT,5242880,1048576,1153433600,553648128,NOLIMIT,262144,262144,262144,262144,308281344,133169152,1048576,110100480,1048576,20.00,48.00,249856,77824,8192,237568,0,0,245469184,69599232,655360,108216320,0,0,0,0.91,1.00,1.00,0.67,0.21,0.05,1.00,0.37,10.94,36.75,0,0
BP16PAAF,01/11/2016,12:00:00,14:00:00,ACTIVE,INACTIVE,PROTECT,5242880,1048576,1153433600,554696704,NOLIMIT,262144,262144,262144,262144,308281344,133169152,1048576,111149056,1048576,20.00,48.09,249856,73728,8192,237568,0,0,245460992,65339392,655360,109121536,0,0,0,0.83,1.00,1.00,0.67,0.21,0.05,1.00,0.40,10.86,36.46,0,0
BP16PAAF,01/11/2016,14:00:00,16:00:00,ACTIVE,INACTIVE,PROTECT,5242880,1048576,1153433600,556793856,NOLIMIT,262144,262144,262144,262144,308281344,133169152,1048576,113246208,1048576,20.00,48.27,245760,69632,8192,237568,0,0,245579776,63569920,655360,111710208,0,0,0,0.83,1.00,1.00,0.67,0.21,0.05,1.00,0.18,10.70,36.54,0,0
BP16PAAF,01/11/2016,16:00:00,18:00:00,ACTIVE,INACTIVE,PROTECT,5242880,1048576,1153433600,558891008,NOLIMIT,262144,262144,262144,262144,308281344,133169152,1048576,115343360,1048576,20.00,48.45,245760,69632,8192,237568,0,0,254423040,58916864,655360,114008064,0,0,0,0.91,1.00,1.00,0.67,0.35,0.05,1.00,0.04,10.70,37.11,0,0
BP16PAAF,01/11/2016,18:00:00,20:00:00,ACTIVE,INACTIVE,PROTECT,5242880,1048576,1153433600,559939584,NOLIMIT,262144,262144,262144,262144,308281344,133169152,1048576,116391936,1048576,20.00,48.55,245760,61440,8192,237568,0,0,246304768,55312384,655360,114458624,0,0,0,0.83,1.00,1.00,0.67,0.35,0.05,1.00,0.33,10.55,36.13,0,0
BP16PAAF,01/11/2016,20:00:00,22:00:00,ACTIVE,INACTIVE,PROTECT,5242880,1048576,1153433600,559939584,NOLIMIT,262144,262144,262144,262144,308281344,133169152,1048576,116391936,1048576,20.00,48.55,241664,49152,8192,237568,0,0,264290304,50462720,655360,114458624,0,0,0,0.83,1.00,1.00,0.67,0.35,0.05,1.00,0.33,10.23,37.27,0,0
BP16PAA2,01/11/2016,06:00:00,08:00:00,ACTIVE,INACTIVE,PROTECT,5242880,1048576,1153433600,540016640,NOLIMIT,262144,262144,262144,262144,309329920,126877696,1048576,101711872,1048576,20.00,46.82,237568,28672,8192,237568,0,0,245018624,22151168,651264,99282944,0,0,0,0.91,0.97,1.00,0.67,0.35,0.05,1.00,0.20,9.77,31.83,0,0
BP16PAA2,01/11/2016,08:00:00,10:00:00,ACTIVE,INACTIVE,PROTECT,5242880,1048576,1153433600,543162368,NOLIMIT,262144,262144,262144,262144,309329920,126877696,1048576,104857600,1048576,20.00,47.09,253952,49152,8192,237568,0,0,255139840,42401792,655360,103424000,0,0,0,0.91,1.00,1.00,0.67,0.21,0.05,1.00,0.36,10.47,34.82,0,0
BP16PAA2,01/11/2016,10:00:00,12:00:00,ACTIVE,INACTIVE,PROTECT,5242880,1048576,1153433600,547356672,NOLIMIT,262144,262144,262144,262144,309329920,126877696,1048576,109051904,1048576,20.00,47.45,245760,57344,8192,237568,0,0,245432320,60751872,655360,107786240,0,0,0,0.91,0.98,1.00,0.67,0.21,0.05,1.00,0.21,10.47,35.95,0,0
BP16PAA2,01/11/2016,12:00:00,14:00:00,ACTIVE,INACTIVE,PROTECT,5242880,1048576,1153433600,549453824,NOLIMIT,262144,262144,262144,262144,309329920,126877696,1048576,111149056,1048576,20.00,47.64,241664,57344,8192,237568,0,0,245358592,48758784,655360,109137920,0,0,0,0.83,1.00,1.00,0.67,0.21,0.05,1.00,0.48,10.39,35.02,0,0
BP16PAA2,01/11/2016,14:00:00,16:00:00,ACTIVE,INACTIVE,PROTECT,5242880,1048576,1153433600,551550976,NOLIMIT,262144,262144,262144,262144,309329920,126877696,1048576,113246208,1048576,20.00,47.82,262144,57344,8192,237568,0,0,245428224,47251456,655360,111747072,0,0,0,1.00,0.98,1.00,0.67,0.21,0.06,1.00,0.28,10.78,35.12,0,0
BP16PAA2,01/11/2016,16:00:00,18:00:00,ACTIVE,INACTIVE,PROTECT,5242880,1048576,1153433600,553648128,NOLIMIT,262144,262144,262144,262144,309329920,126877696,1048576,115343360,1048576,20.00,48.00,245760,61440,8192,237568,0,0,254427136,47185920,655360,113348608,0,0,0,0.91,1.00,1.00,0.67,0.35,0.05,1.00,0.42,10.55,36.03,0,0
BP16PAA2,01/11/2016,18:00:00,20:00:00,ACTIVE,INACTIVE,PROTECT,5242880,1048576,1153433600,553648128,NOLIMIT,262144,262144,262144,262144,309329920,126877696,1048576,115343360,1048576,20.00,48.00,241664,49152,8192,237568,0,0,246394880,44564480,655360,114110464,0,0,0,0.91,1.00,1.00,0.67,0.35,0.05,1.00,0.07,10.23,35.18,0,0
BP16PAA2,01/11/2016,20:00:00,22:00:00,ACTIVE,INACTIVE,PROTECT,5242880,1048576,1153433600,553648128,NOLIMIT,262144,262144,262144,262144,309329920,126877696,1048576,115343360,1048576,20.00,48.00,237568,49152,8192,237568,0,0,264257536,44630016,655360,114110464,0,0,0,0.83,1.00,1.00,0.67,0.35,0.05,1.00,0.07,10.16,36.73,0,0
BP16PAA6,01/11/2016,06:00:00,08:00:00,ACTIVE,INACTIVE,PROTECT,5242880,1310720,1153433600,536870912,NOLIMIT,524288,262144,262144,262144,308281344,124780544,1048576,101711872,1048576,25.00,46.55,237568,32768,8192,237568,0,0,245006336,22085632,651264,99225600,0,0,0,0.86,0.95,1.00,0.67,0.36,0.03,1.00,0.22,9.84,31.82,0,0
BP16PAA6,01/11/2016,08:00:00,10:00:00,ACTIVE,INACTIVE,PROTECT,5242880,1310720,1153433600,547356672,NOLIMIT,524288,262144,262144,262144,308281344,131072000,1048576,105906176,1048576,25.00,47.45,241664,49152,8192,237568,0,0,255102976,41025536,655360,103956480,0,0,0,0.86,0.97,1.00,0.67,0.21,0.05,1.00,0.47,10.23,34.74,0,0
BP16PAA6,01/11/2016,10:00:00,12:00:00,ACTIVE,INACTIVE,PROTECT,5242880,1310720,1153433600,551550976,NOLIMIT,524288,262144,262144,262144,308281344,131072000,1048576,110100480,1048576,25.00,47.82,249856,69632,8192,237568,0,0,245358592,55312384,655360,108285952,0,0,0,0.86,1.00,1.00,0.67,0.21,0.05,1.00,0.45,10.78,35.51,0,0
BP16PAA6,01/11/2016,12:00:00,14:00:00,ACTIVE,INACTIVE,PROTECT,5242880,1310720,1153433600,552599552,NOLIMIT,524288,262144,262144,262144,308281344,131072000,1048576,111149056,1048576,25.00,47.91,249856,65536,8192,237568,0,0,245440512,57409536,655360,109355008,0,0,0,0.85,1.00,1.00,0.67,0.21,0.05,1.00,0.44,10.70,35.79,0,0
BP16PAA6,01/11/2016,14:00:00,16:00:00,ACTIVE,INACTIVE,PROTECT,5242880,1310720,1153433600,553648128,NOLIMIT,524288,262144,262144,262144,308281344,131072000,1048576,112197632,1048576,25.00,48.00,253952,61440,8192,237568,0,0,245514240,61079552,655360,111087616,0,0,0,0.88,1.00,1.00,0.67,0.21,0.05,1.00,0.08,10.70,36.27,0,0
BP16PAA6,01/11/2016,16:00:00,18:00:00,ACTIVE,INACTIVE,PROTECT,5242880,1310720,1153433600,556793856,NOLIMIT,524288,262144,262144,262144,308281344,131072000,1048576,115343360,1048576,25.00,48.27,253952,57344,8192,237568,0,0,254316544,46923776,655360,113483776,0,0,0,0.85,1.00,1.00,0.67,0.35,0.05,1.00,0.43,10.62,36.01,0,0
BP16PAA6,01/11/2016,18:00:00,20:00:00,ACTIVE,INACTIVE,PROTECT,5242880,1310720,1153433600,556793856,NOLIMIT,524288,262144,262144,262144,308281344,131072000,1048576,115343360,1048576,25.00,48.27,241664,57344,8192,237568,0,0,244822016,44826624,655360,113881088,0,0,0,0.86,0.98,1.00,0.67,0.35,0.05,1.00,0.27,10.39,35.04,0,0
BP16PAA6,01/11/2016,20:00:00,22:00:00,ACTIVE,INACTIVE,PROTECT,5242880,1310720,1153433600,556793856,NOLIMIT,524288,262144,262144,262144,308281344,131072000,1048576,115343360,1048576,25.00,48.27,245760,53248,8192,237568,0,0,264224768,45613056,655360,113881088,0,0,0,0.86,0.98,1.00,0.67,0.35,0.05,1.00,0.27,10.39,36.79,0,0
BP17PAAC,01/11/2016,06:00:00,08:00:00,ACTIVE,INACTIVE,PROTECT,5242880,1310720,1153433600,536870912,NOLIMIT,524288,262144,262144,262144,309329920,125829120,1048576,99614720,1048576,25.00,46.55,241664,32768,8192,237568,0,0,244989952,23199744,651264,97988608,0,0,0,0.84,1.00,1.00,0.67,0.35,0.05,1.00,0.10,9.92,31.80,0,0
BP17PAAC,01/11/2016,08:00:00,10:00:00,ACTIVE,INACTIVE,PROTECT,5242880,1310720,1153433600,541065216,NOLIMIT,524288,262144,262144,262144,309329920,125829120,1048576,103809024,1048576,25.00,46.91,245760,73728,8192,237568,0,0,255090688,67633152,655360,102092800,0,0,0,0.85,1.00,1.00,0.67,0.21,0.05,1.00,0.42,10.78,36.89,0,0
BP17PAAC,01/11/2016,10:00:00,12:00:00,ACTIVE,INACTIVE,PROTECT,5242880,1310720,1153433600,546308096,NOLIMIT,524288,262144,262144,262144,309329920,125829120,1048576,109051904,1048576,25.00,47.36,249856,53248,8192,237568,0,0,245354496,52494336,655360,107139072,0,0,0,0.85,1.00,1.00,0.67,0.21,0.05,1.00,0.42,10.47,35.17,0,0
BP17PAAC,01/11/2016,12:00:00,14:00:00,ACTIVE,INACTIVE,PROTECT,5242880,1310720,1153433600,546308096,NOLIMIT,524288,262144,262144,262144,309329920,125829120,1048576,109051904,1048576,25.00,47.36,241664,57344,8192,237568,0,0,245338112,47513600,655360,107933696,0,0,0,0.85,1.00,1.00,0.67,0.21,0.05,1.00,0.05,10.39,34.80,0,0
BP17PAAC,01/11/2016,14:00:00,16:00:00,ACTIVE,INACTIVE,PROTECT,5242880,1310720,1153433600,549453824,NOLIMIT,524288,262144,262144,262144,309329920,125829120,1048576,112197632,1048576,25.00,47.64,253952,77824,8192,237568,0,0,245518336,66125824,655360,110551040,0,0,0,0.86,0.97,1.00,0.67,0.21,0.06,1.00,0.34,11.02,36.66,0,0
BP17PAAC,01/11/2016,16:00:00,18:00:00,ACTIVE,INACTIVE,PROTECT,5242880,1310720,1153433600,551550976,NOLIMIT,524288,262144,262144,262144,309329920,125829120,1048576,114294784,1048576,25.00,47.82,253952,61440,8192,237568,0,0,254369792,47251456,655360,112967680,0,0,0,0.84,1.00,1.00,0.67,0.35,0.05,1.00,0.17,10.70,36.00,0,0
BP17PAAC,01/11/2016,18:00:00,20:00:00,ACTIVE,INACTIVE,PROTECT,5242880,1310720,1153433600,552599552,NOLIMIT,524288,262144,262144,262144,309329920,125829120,1048576,115343360,1048576,25.00,47.91,241664,53248,8192,237568,0,0,246423552,58458112,655360,113897472,0,0,0,0.85,1.00,1.00,0.67,0.35,0.05,1.00,0.24,10.31,36.36,0,0
BP17PAAC,01/11/2016,20:00:00,22:00:00,ACTIVE,INACTIVE,PROTECT,5242880,1310720,1153433600,552599552,NOLIMIT,524288,262144,262144,262144,309329920,125829120,1048576,115343360,1048576,25.00,47.91,241664,53248,8192,237568,0,0,264212480,50397184,655360,113897472,0,0,0,0.84,1.00,1.00,0.67,0.35,0.05,1.00,0.24,10.31,37.21,0,0
BP17PAAG,01/11/2016,06:00:00,08:00:00,ACTIVE,INACTIVE,PROTECT,5242880,1310720,1153433600,560988160,NOLIMIT,524288,262144,262144,262144,309329920,148897792,1048576,100663296,1048576,25.00,48.64,233472,32768,8192,237568,0,0,245080064,18284544,651264,98803712,0,0,0,0.85,0.97,1.00,0.67,0.35,0.04,1.00,0.12,9.77,31.46,0,0
BP17PAAG,01/11/2016,08:00:00,10:00:00,ACTIVE,INACTIVE,PROTECT,5242880,1310720,1153433600,565182464,NOLIMIT,524288,262144,262144,262144,309329920,148897792,1048576,104857600,1048576,25.00,49.00,249856,49152,8192,237568,0,0,255070208,39911424,655360,103383040,0,0,0,0.85,1.00,1.00,0.67,0.21,0.04,1.00,0.33,10.39,34.59,0,0
BP17PAAG,01/11/2016,10:00:00,12:00:00,ACTIVE,INACTIVE,PROTECT,5242880,1310720,1153433600,570425344,NOLIMIT,524288,262144,262144,262144,309329920,148897792,1048576,110100480,1048576,25.00,49.45,258048,53248,8192,237568,0,0,245346304,43122688,655360,108871680,0,0,0,0.85,1.00,1.00,0.67,0.21,0.04,1.00,0.08,10.62,34.51,0,0
BP17PAAG,01/11/2016,12:00:00,14:00:00,ACTIVE,INACTIVE,PROTECT,5242880,1310720,1153433600,571473920,NOLIMIT,524288,262144,262144,262144,309329920,148897792,1048576,111149056,1048576,25.00,49.55,241664,49152,8192,237568,0,0,245272576,41811968,655360,109678592,0,0,0,0.85,1.00,1.00,0.67,0.21,0.04,1.00,0.22,10.23,34.46,0,0
BP17PAAG,01/11/2016,14:00:00,16:00:00,ACTIVE,INACTIVE,PROTECT,5242880,1310720,1153433600,573571072,NOLIMIT,524288,262144,262144,262144,309329920,148897792,1048576,113246208,1048576,25.00,49.73,245760,61440,8192,237568,0,0,245391360,50855936,655360,111611904,0,0,0,0.85,1.00,1.00,0.67,0.21,0.05,1.00,0.27,10.55,35.42,0,0
BP17PAAG,01/11/2016,16:00:00,18:00:00,ACTIVE,INACTIVE,PROTECT,5242880,1310720,1153433600,576716800,NOLIMIT,524288,262144,262144,262144,309329920,148897792,1048576,116391936,1048576,25.00,50.00,249856,57344,8192,237568,0,0,254300160,41353216,655360,114327552,0,0,0,0.84,1.00,1.00,0.67,0.35,0.04,1.00,0.42,10.55,35.60,0,0
BP17PAAG,01/11/2016,18:00:00,20:00:00,ACTIVE,INACTIVE,PROTECT,5242880,1310720,1153433600,576716800,NOLIMIT,524288,262144,262144,262144,309329920,148897792,1048576,116391936,1048576,25.00,50.00,241664,45056,8192,237568,0,0,246349824,41811968,655360,115105792,0,0,0,0.84,1.00,1.00,0.67,0.35,0.04,1.00,0.08,10.16,35.02,0,0
BP17PAAG,01/11/2016,20:00:00,22:00:00,ACTIVE,INACTIVE,PROTECT,5242880,1310720,1153433600,576716800,NOLIMIT,524288,262144,262144,262144,309329920,148897792,1048576,116391936,1048576,25.00,50.00,245760,40960,8192,237568,0,0,264245248,47906816,655360,115150848,0,0,0,0.85,0.98,1.00,0.67,0.35,0.04,1.00,0.04,10.16,37.10,0,0
BP17PAA3,01/11/2016,06:00:00,08:00:00,ACTIVE,INACTIVE,PROTECT,5242880,1310720,1153433600,535822336,NOLIMIT,524288,262144,262144,262144,310378496,122683392,1048576,100663296,1048576,25.00,46.45,241664,28672,8192,237568,0,0,245080064,26804224,651264,98557952,0,0,0,0.84,1.00,1.00,0.67,0.35,0.04,1.00,0.41,9.84,32.17,0,0
BP17PAA3,01/11/2016,08:00:00,10:00:00,ACTIVE,INACTIVE,PROTECT,5242880,1310720,1153433600,538968064,NOLIMIT,524288,262144,262144,262144,310378496,122683392,1048576,103809024,1048576,25.00,46.73,241664,49152,8192,237568,0,0,255152128,39911424,655360,102514688,0,0,0,0.84,1.00,1.00,0.67,0.20,0.04,1.00,0.30,10.23,34.53,0,0
BP17PAA3,01/11/2016,10:00:00,12:00:00,ACTIVE,INACTIVE,PROTECT,5242880,1310720,1153433600,549453824,NOLIMIT,524288,262144,262144,262144,310378496,128974848,1048576,108003328,1048576,25.00,47.64,245760,61440,8192,237568,0,0,245506048,44957696,655360,106864640,0,0,0,0.85,0.97,1.00,0.67,0.20,0.05,1.00,0.17,10.55,34.50,0,0
BP17PAA3,01/11/2016,12:00:00,14:00:00,ACTIVE,INACTIVE,PROTECT,5242880,1310720,1153433600,551550976,NOLIMIT,524288,262144,262144,262144,310378496,128974848,1048576,110100480,1048576,25.00,47.82,237568,61440,8192,237568,0,0,245334016,47841280,655360,108191744,0,0,0,0.85,1.00,1.00,0.67,0.20,0.05,1.00,0.50,10.39,34.85,0,0
BP17PAA3,01/11/2016,14:00:00,16:00:00,ACTIVE,INACTIVE,PROTECT,5242880,1310720,1153433600,552599552,NOLIMIT,524288,262144,262144,262144,310378496,128974848,1048576,111149056,1048576,25.00,47.91,241664,57344,8192,237568,0,0,245465088,50724864,655360,109948928,0,0,0,0.84,1.00,1.00,0.67,0.20,0.05,1.00,0.21,10.39,35.27,0,0
BP17PAA3,01/11/2016,16:00:00,18:00:00,ACTIVE,INACTIVE,PROTECT,5242880,1310720,1153433600,554696704,NOLIMIT,524288,262144,262144,262144,310378496,128974848,1048576,113246208,1048576,25.00,48.09,249856,57344,8192,237568,0,0,254291968,41353216,655360,111996928,0,0,0,0.84,1.00,1.00,0.67,0.34,0.05,1.00,0.21,10.55,35.40,0,0
BP17PAA3,01/11/2016,18:00:00,20:00:00,ACTIVE,INACTIVE,PROTECT,5242880,1310720,1153433600,555745280,NOLIMIT,524288,262144,262144,262144,310378496,128974848,1048576,114294784,1048576,25.00,48.18,241664,49152,8192,237568,0,0,246333440,46923776,655360,112439296,0,0,0,0.84,1.00,1.00,0.67,0.34,0.05,1.00,0.45,10.23,35.23,0,0
BP17PAA3,01/11/2016,20:00:00,22:00:00,ACTIVE,INACTIVE,PROTECT,5242880,1310720,1153433600,555745280,NOLIMIT,524288,262144,262144,262144,310378496,128974848,1048576,114294784,1048576,25.00,48.18,241664,45056,8192,237568,0,0,264265728,49217536,655360,112513024,0,0,0,0.85,0.98,1.00,0.67,0.34,0.05,1.00,0.42,10.16,36.99,0,0
BP17PAA7,01/11/2016,06:00:00,08:00:00,ACTIVE,INACTIVE,PROTECT,5242880,1310720,1153433600,580911104,NOLIMIT,524288,262144,262144,262144,309329920,166723584,1048576,102760448,1048576,25.00,50.36,249856,32768,8192,237568,0,0,245051392,20054016,651264,100397056,0,0,0,0.85,1.00,1.00,0.67,0.21,0.04,1.00,0.20,10.08,31.74,0,0
BP17PAA7,01/11/2016,08:00:00,10:00:00,ACTIVE,INACTIVE,PROTECT,5242880,1310720,1153433600,600834048,NOLIMIT,524288,262144,262144,262144,325058560,166723584,1048576,106954752,1048576,25.00,52.09,241664,57344,8192,237568,0,0,255082496,42139648,655360,105013248,0,0,0,0.84,1.00,1.00,0.67,0.18,0.04,1.00,0.42,10.39,34.93,0,0
BP17PAA7,01/11/2016,10:00:00,12:00:00,ACTIVE,INACTIVE,PROTECT,5242880,1310720,1153433600,605028352,NOLIMIT,524288,262144,262144,262144,325058560,166723584,1048576,111149056,1048576,25.00,52.45,241664,53248,8192,237568,0,0,245342208,51380224,655360,108953600,0,0,0,0.84,1.00,1.00,0.67,0.17,0.04,1.00,0.46,10.31,35.23,0,0
BP17PAA7,01/11/2016,12:00:00,14:00:00,ACTIVE,INACTIVE,PROTECT,5242880,1310720,1153433600,606076928,NOLIMIT,524288,262144,262144,262144,325058560,166723584,1048576,112197632,1048576,25.00,52.55,249856,69632,8192,237568,0,0,245506048,56426496,655360,110075904,0,0,0,0.85,1.00,1.00,0.67,0.17,0.04,1.00,0.45,10.78,35.78,0,0
BP17PAA7,01/11/2016,14:00:00,16:00:00,ACTIVE,INACTIVE,PROTECT,5242880,1310720,1153433600,608174080,NOLIMIT,524288,262144,262144,262144,325058560,166723584,1048576,114294784,1048576,25.00,52.73,245760,61440,8192,237568,0,0,245493760,63242240,655360,112091136,0,0,0,0.84,1.00,1.00,0.67,0.18,0.04,1.00,0.46,10.55,36.54,0,0
BP17PAA7,01/11/2016,16:00:00,18:00:00,ACTIVE,INACTIVE,PROTECT,5242880,1310720,1153433600,609222656,NOLIMIT,524288,262144,262144,262144,325058560,166723584,1048576,115343360,1048576,25.00,52.82,249856,65536,8192,237568,0,0,254406656,46268416,655360,113512448,0,0,0,0.85,0.97,1.00,0.67,0.26,0.04,1.00,0.34,10.70,35.97,0,0
BP17PAA7,01/11/2016,18:00:00,20:00:00,ACTIVE,INACTIVE,PROTECT,5242880,1310720,1153433600,609222656,NOLIMIT,524288,262144,262144,262144,325058560,166723584,1048576,115343360,1048576,25.00,52.82,245760,45056,8192,237568,0,0,236359680,46268416,655360,114049024,0,0,0,0.85,1.00,1.00,0.67,0.26,0.04,1.00,0.06,10.23,34.45,0,0
BP17PAA7,01/11/2016,20:00:00,22:00:00,ACTIVE,INACTIVE,PROTECT,5242880,1310720,1153433600,609222656,NOLIMIT,524288,262144,262144,262144,325058560,166723584,1048576,115343360,1048576,25.00,52.82,241664,45056,8192,237568,0,0,254251008,55967744,651264,114049024,0,0,0,0.84,1.00,1.00,0.67,0.26,0.04,1.00,0.06,10.16,36.84,0,0
BP18PAAD,01/11/2016,06:00:00,08:00:00,ACTIVE,INACTIVE,PROTECT,5242880,1310720,1153433600,551550976,NOLIMIT,524288,262144,262144,262144,308281344,137363456,1048576,103809024,1048576,25.00,47.82,229376,32768,8192,237568,0,0,245035008,22216704,651264,101605376,0,0,0,0.85,1.00,1.00,0.67,0.36,0.07,1.00,0.22,9.69,32.04,0,0
BP18PAAD,01/11/2016,08:00:00,10:00:00,ACTIVE,INACTIVE,PROTECT,5242880,1310720,1153433600,554696704,NOLIMIT,524288,262144,262144,262144,308281344,137363456,1048576,106954752,1048576,25.00,48.09,245760,57344,8192,237568,0,0,255094784,47841280,655360,105594880,0,0,0,0.85,1.00,1.00,0.67,0.21,0.06,1.00,0.15,10.47,35.48,0,0
BP18PAAD,01/11/2016,10:00:00,12:00:00,ACTIVE,INACTIVE,PROTECT,5242880,1310720,1153433600,558891008,NOLIMIT,524288,262144,262144,262144,308281344,137363456,1048576,111149056,1048576,25.00,48.45,241664,65536,8192,237568,0,0,245428224,56098816,655360,109338624,0,0,0,0.85,0.98,1.00,0.67,0.21,0.06,1.00,0.34,10.55,35.68,0,0
BP18PAAD,01/11/2016,12:00:00,14:00:00,ACTIVE,INACTIVE,PROTECT,5242880,1310720,1153433600,559939584,NOLIMIT,524288,262144,262144,262144,308281344,137363456,1048576,112197632,1048576,25.00,48.55,241664,53248,8192,237568,0,0,245329920,42008576,655360,110518272,0,0,0,0.84,1.00,1.00,0.67,0.21,0.06,1.00,0.29,10.31,34.55,0,0
BP18PAAD,01/11/2016,14:00:00,16:00:00,ACTIVE,INACTIVE,PROTECT,5242880,1310720,1153433600,562036736,NOLIMIT,524288,262144,262144,262144,308281344,137363456,1048576,114294784,1048576,25.00,48.73,245760,57344,8192,237568,0,0,245354496,45154304,655360,112394240,0,0,0,0.85,1.00,1.00,0.67,0.21,0.06,1.00,0.33,10.47,34.99,0,0
BP18PAAD,01/11/2016,16:00:00,18:00:00,ACTIVE,INACTIVE,PROTECT,5242880,1310720,1153433600,563085312,NOLIMIT,524288,262144,262144,262144,308281344,137363456,1048576,115343360,1048576,25.00,48.82,249856,57344,8192,237568,0,0,254341120,45416448,655360,113868800,0,0,0,0.84,1.00,1.00,0.67,0.35,0.06,1.00,0.12,10.55,35.92,0,0
BP18PAAD,01/11/2016,18:00:00,20:00:00,ACTIVE,INACTIVE,PROTECT,5242880,1310720,1153433600,564133888,NOLIMIT,524288,262144,262144,262144,308281344,137363456,1048576,116391936,1048576,25.00,48.91,245760,49152,8192,237568,0,0,246296576,48103424,655360,114667520,0,0,0,0.85,0.95,1.00,0.67,0.35,0.06,1.00,0.25,10.31,35.52,0,0
BP18PAAD,01/11/2016,20:00:00,22:00:00,ACTIVE,INACTIVE,PROTECT,5242880,1310720,1153433600,564133888,NOLIMIT,524288,262144,262144,262144,308281344,137363456,1048576,116391936,1048576,25.00,48.91,245760,40960,8192,237568,0,0,264257536,50200576,655360,114774016,0,0,0,0.85,0.97,1.00,0.67,0.35,0.07,1.00,0.20,10.16,37.27,0,0
BP18PAAH,01/11/2016,06:00:00,08:00:00,ACTIVE,INACTIVE,PROTECT,5242880,1310720,1153433600,551550976,NOLIMIT,524288,262144,262144,262144,308281344,138412032,1048576,102760448,1048576,25.00,47.82,237568,32768,8192,237568,0,0,244965376,20578304,651264,100175872,0,0,0,0.85,0.97,1.00,0.67,0.21,0.05,1.00,0.32,9.84,31.76,0,0
BP18PAAH,01/11/2016,08:00:00,10:00:00,ACTIVE,INACTIVE,PROTECT,5242880,1310720,1153433600,570425344,NOLIMIT,524288,262144,262144,262144,324009984,138412032,1048576,105906176,1048576,25.00,49.45,245760,49152,8192,237568,0,0,255025152,37945344,655360,103948288,0,0,0,0.84,1.00,1.00,0.67,0.18,0.05,1.00,0.43,10.31,34.47,0,0
BP18PAAH,01/11/2016,10:00:00,12:00:00,ACTIVE,INACTIVE,PROTECT,5242880,1310720,1153433600,574619648,NOLIMIT,524288,262144,262144,262144,324009984,138412032,1048576,110100480,1048576,25.00,49.82,241664,69632,8192,237568,0,0,245284864,58392576,655360,108597248,0,0,0,0.85,1.00,1.00,0.67,0.17,0.05,1.00,0.20,10.62,35.80,0,0
BP18PAAH,01/11/2016,12:00:00,14:00:00,ACTIVE,INACTIVE,PROTECT,5242880,1310720,1153433600,575668224,NOLIMIT,524288,262144,262144,262144,324009984,138412032,1048576,111149056,1048576,25.00,49.91,245760,73728,8192,237568,0,0,245362688,62455808,655360,109862912,0,0,0,0.84,1.00,1.00,0.67,0.18,0.05,1.00,0.05,10.78,36.27,0,0
BP18PAAH,01/11/2016,14:00:00,16:00:00,ACTIVE,INACTIVE,PROTECT,5242880,1310720,1153433600,578813952,NOLIMIT,524288,262144,262144,262144,324009984,138412032,1048576,114294784,1048576,25.00,50.18,245760,61440,8192,237568,0,0,245338112,49610752,655360,112599040,0,0,0,0.88,0.95,1.00,0.67,0.17,0.05,1.00,0.24,10.55,35.39,0,0
BP18PAAH,01/11/2016,16:00:00,18:00:00,ACTIVE,INACTIVE,PROTECT,5242880,1310720,1153433600,580911104,NOLIMIT,524288,262144,262144,262144,324009984,138412032,1048576,116391936,1048576,25.00,50.36,245760,53248,8192,237568,0,0,254218240,42926080,655360,114896896,0,0,0,0.84,1.00,1.00,0.67,0.26,0.05,1.00,0.13,10.39,35.78,0,0
BP18PAAH,01/11/2016,18:00:00,20:00:00,ACTIVE,INACTIVE,PROTECT,5242880,1310720,1153433600,581959680,NOLIMIT,524288,262144,262144,262144,324009984,138412032,1048576,117440512,1048576,25.00,50.45,241664,49152,8192,237568,0,0,236236800,45613056,655360,115331072,0,0,0,0.84,1.00,1.00,0.67,0.26,0.05,1.00,0.38,10.23,34.49,0,0
BP18PAAH,01/11/2016,20:00:00,22:00:00,ACTIVE,INACTIVE,PROTECT,5242880,1310720,1153433600,581959680,NOLIMIT,524288,262144,262144,262144,324009984,138412032,1048576,117440512,1048576,25.00,50.45,237568,53248,8192,237568,0,0,254156800,48562176,651264,115376128,0,0,0,0.84,1.00,1.00,0.67,0.26,0.05,1.00,0.37,10.23,36.30,0,0
BP18PAA4,01/11/2016,06:00:00,08:00:00,ACTIVE,INACTIVE,PROTECT,5242880,1310720,1153433600,550502400,NOLIMIT,524288,262144,262144,262144,308281344,137363456,1048576,102760448,1048576,25.00,47.73,245760,32768,8192,237568,0,0,245112832,20774912,651264,100601856,0,0,0,0.85,0.97,1.00,0.67,0.36,0.05,1.00,0.22,10.00,31.83,0,0
BP18PAA4,01/11/2016,08:00:00,10:00:00,ACTIVE,INACTIVE,PROTECT,5242880,1310720,1153433600,553648128,NOLIMIT,524288,262144,262144,262144,308281344,137363456,1048576,105906176,1048576,25.00,48.00,245760,49152,8192,237568,0,0,255176704,43909120,655360,104116224,0,0,0,0.86,1.00,1.00,0.67,0.21,0.06,1.00,0.46,10.31,35.01,0,0
BP18PAA4,01/11/2016,10:00:00,12:00:00,ACTIVE,INACTIVE,PROTECT,5242880,1310720,1153433600,556793856,NOLIMIT,524288,262144,262144,262144,308281344,137363456,1048576,109051904,1048576,25.00,48.27,245760,57344,8192,237568,0,0,245387264,49676288,655360,107802624,0,0,0,0.85,1.00,1.00,0.67,0.21,0.05,1.00,0.19,10.47,34.98,0,0
BP18PAA4,01/11/2016,12:00:00,14:00:00,ACTIVE,INACTIVE,PROTECT,5242880,1310720,1153433600,557842432,NOLIMIT,524288,262144,262144,262144,308281344,137363456,1048576,110100480,1048576,25.00,48.36,245760,65536,8192,237568,0,0,245448704,50003968,655360,109035520,0,0,0,0.85,1.00,1.00,0.67,0.21,0.05,1.00,0.03,10.62,35.12,0,0
BP18PAA4,01/11/2016,14:00:00,16:00:00,ACTIVE,INACTIVE,PROTECT,5242880,1310720,1153433600,559939584,NOLIMIT,524288,262144,262144,262144,308281344,137363456,1048576,112197632,1048576,25.00,48.55,245760,57344,8192,237568,0,0,245411840,44302336,655360,110854144,0,0,0,0.85,1.00,1.00,0.67,0.21,0.05,1.00,0.20,10.47,34.79,0,0
BP18PAA4,01/11/2016,16:00:00,18:00:00,ACTIVE,INACTIVE,PROTECT,5242880,1310720,1153433600,563085312,NOLIMIT,524288,262144,262144,262144,308281344,137363456,1048576,115343360,1048576,25.00,48.82,245760,86016,8192,237568,0,0,254611456,66387968,655360,113381376,0,0,0,0.84,1.00,1.00,0.67,0.35,0.05,1.00,0.43,11.02,37.72,0,0
BP18PAA4,01/11/2016,18:00:00,20:00:00,ACTIVE,INACTIVE,PROTECT,5242880,1310720,1153433600,563085312,NOLIMIT,524288,262144,262144,262144,308281344,137363456,1048576,115343360,1048576,25.00,48.82,241664,61440,8192,237568,0,0,246370304,46137344,655360,113885184,0,0,0,0.84,1.00,1.00,0.67,0.35,0.05,1.00,0.23,10.47,35.29,0,0
BP18PAA4,01/11/2016,20:00:00,22:00:00,ACTIVE,INACTIVE,PROTECT,5242880,1310720,1153433600,563085312,NOLIMIT,524288,262144,262144,262144,308281344,137363456,1048576,115343360,1048576,25.00,48.82,237568,40960,8192,237568,0,0,264339456,49086464,655360,114155520,0,0,0,0.84,1.00,1.00,0.67,0.35,0.05,1.00,0.05,10.00,37.13,0,0
BP18PAA8,01/11/2016,06:00:00,08:00:00,ACTIVE,INACTIVE,PROTECT,5242880,1310720,1153433600,546308096,NOLIMIT,524288,262144,262144,262144,308281344,134217728,1048576,101711872,1048576,25.00,47.36,241664,32768,8192,237568,0,0,244887552,27459584,651264,99840000,0,0,0,0.85,0.98,1.00,0.67,0.21,0.06,1.00,0.15,9.92,32.32,0,0
BP18PAA8,01/11/2016,08:00:00,10:00:00,ACTIVE,INACTIVE,PROTECT,5242880,1310720,1153433600,566231040,NOLIMIT,524288,262144,262144,262144,324009984,134217728,1048576,105906176,1048576,25.00,49.09,245760,57344,8192,237568,0,0,254914560,50724864,655360,104034304,0,0,0,0.85,0.97,1.00,0.67,0.17,0.06,1.00,0.46,10.47,35.57,0,0
BP18PAA8,01/11/2016,10:00:00,12:00:00,ACTIVE,INACTIVE,PROTECT,5242880,1310720,1153433600,569376768,NOLIMIT,524288,262144,262144,262144,324009984,134217728,1048576,109051904,1048576,25.00,49.36,249856,69632,8192,237568,0,0,245329920,61997056,655360,107393024,0,0,0,0.84,1.00,1.00,0.67,0.17,0.06,1.00,0.37,10.78,36.01,0,0
BP18PAA8,01/11/2016,12:00:00,14:00:00,ACTIVE,INACTIVE,PROTECT,5242880,1310720,1153433600,570425344,NOLIMIT,524288,262144,262144,262144,324009984,134217728,1048576,110100480,1048576,25.00,49.45,241664,73728,8192,237568,0,0,245264384,56557568,655360,108625920,0,0,0,0.84,1.00,1.00,0.67,0.17,0.06,1.00,0.26,10.70,35.64,0,0
BP18PAA8,01/11/2016,14:00:00,16:00:00,ACTIVE,INACTIVE,PROTECT,5242880,1310720,1153433600,572522496,NOLIMIT,524288,262144,262144,262144,324009984,134217728,1048576,112197632,1048576,25.00,49.64,245760,61440,8192,237568,0,0,245297152,46137344,655360,110415872,0,0,0,0.85,1.00,1.00,0.67,0.18,0.07,1.00,0.39,10.55,34.90,0,0
BP18PAA8,01/11/2016,16:00:00,18:00:00,ACTIVE,INACTIVE,PROTECT,5242880,1310720,1153433600,574619648,NOLIMIT,524288,262144,262144,262144,324009984,134217728,1048576,114294784,1048576,25.00,49.82,249856,57344,8192,237568,0,0,254197760,42991616,655360,112627712,0,0,0,0.85,0.98,1.00,0.67,0.26,0.06,1.00,0.33,10.55,35.59,0,0
BP18PAA8,01/11/2016,18:00:00,20:00:00,ACTIVE,INACTIVE,PROTECT,5242880,1310720,1153433600,575668224,NOLIMIT,524288,262144,262144,262144,324009984,134217728,1048576,115343360,1048576,25.00,49.91,241664,45056,8192,237568,0,0,234283008,45613056,655360,113192960,0,0,0,0.85,1.00,1.00,0.67,0.26,0.07,1.00,0.46,10.16,34.14,0,0
BP18PAA8,01/11/2016,20:00:00,22:00:00,ACTIVE,INACTIVE,PROTECT,5242880,1310720,1153433600,575668224,NOLIMIT,524288,262144,262144,262144,324009984,134217728,1048576,115343360,1048576,25.00,49.91,241664,40960,8192,237568,0,0,254124032,45809664,655360,113283072,0,0,0,0.86,1.00,1.00,0.67,0.26,0.08,1.00,0.46,10.08,35.88,0,0
